"teamShortName";"teamName";"city";"position";"firstName";"lastName";"nationality";"overall";"seasonsPlayed";"khlGamesPlayed";"contractType";"2025/2026";"2026/2027";"2027/2028";"2028/2029";"2029/2030";"playerId"
"AKB";"Ак Барс";"Казань";"ЗАЩ";"Митчелл";"Миллер";"США";"79";"3";"130";"односторонний";"40";"45";"";"";"";"35000000-0000-4000-8000-000000000013"
"AKB";"Ак Барс";"Казань";"ЗАЩ";"Никита";"Лямкин";"Россия";"79";"11";"539";"односторонний";"52";"65";"65";"65";"";"35000000-0000-4000-8000-000000000011"
"AKB";"Ак Барс";"Казань";"ЦТР";"Александр";"Хмелевский";"США";"78";"4";"258";"односторонний";"57";"95";"";"";"";"35000000-0000-4000-8000-000000000020"
"AKB";"Ак Барс";"Казань";"ЦТР";"Кирилл";"Семенов";"Россия";"78";"13";"647";"односторонний";"75";"75";"";"";"";"35000000-0000-4000-8000-000000000016"
"AKB";"Ак Барс";"Казань";"ПНП";"Артём";"Галимов";"Россия";"77";"8";"378";"односторонний";"37";"";"";"";"";"35000000-0000-4000-8000-000000000004"
"AKB";"Ак Барс";"Казань";"ЗАЩ";"Альберт";"Яруллин";"Россия";"76";"15";"633";"односторонний";"24";"40";"40";"";"";"35000000-0000-4000-8000-000000000021"
"AKB";"Ак Барс";"Казань";"ЛНП";"Григорий";"Денисенко";"Россия";"76";"4";"117";"односторонний";"35";"";"";"";"";"35000000-0000-4000-8000-000000000005"
"AKB";"Ак Барс";"Казань";"ЗАЩ";"Алексей";"Марченко";"Россия";"75";"13";"508";"односторонний";"40";"45";"";"";"";"35000000-0000-4000-8000-000000000012"
"AKB";"Ак Барс";"Казань";"ЦТР";"Алексей";"Бывальцев";"Россия";"74";"12";"608";"односторонний";"53";"";"";"";"";"f2a3b4c5-d6e7-8f9a-0b1c-2d3e4f5a6b7c"
"AKB";"Ак Барс";"Казань";"ПНП";"Владимир";"Алистров";"Беларусь";"74";"6";"288";"односторонний";"22";"53";"";"";"";"35000000-0000-4000-8000-000000000001"
"AKB";"Ак Барс";"Казань";"ПНП";"Алексей";"Пустозеров";"Россия";"73";"6";"187";"односторонний";"20";"";"";"";"";"35000000-0000-4000-8000-000000000014"
"AKB";"Ак Барс";"Казань";"ВРТ";"Максим";"Арефьев";"Россия";"73";"2";"19";"односторонний";"5";"5";"5";"5";"";"goalie-player-maxim-arefyev"
"AKB";"Ак Барс";"Казань";"ЦТР";"Андрей";"Стась";"Беларусь";"72";"18";"876";"односторонний";"5";"";"";"";"";"4b000000-0000-4000-8000-000000000028"
"AKB";"Ак Барс";"Казань";"ЛНП";"Никита";"Дыняк";"Россия";"71";"7";"314";"односторонний";"27";"40";"45";"45";"";"35000000-0000-4000-8000-000000000006"
"AKB";"Ак Барс";"Казань";"ЦТР";"Дмитрий";"Кателевский";"Россия";"70";"6";"207";"двухсторонний";"18";"18";"";"";"";"35000000-0000-4000-8000-000000000008"
"AKB";"Ак Барс";"Казань";"ПНП";"Артур";"Бровкин";"Россия";"68";"7";"87";"двухсторонний";"1";"";"";"";"";"35000000-0000-4000-8000-000000000003"
"AKB";"Ак Барс";"Казань";"ЗАЩ";"Степан";"Терехов";"Россия";"68";"2";"31";"односторонний";"6";"";"";"";"";"35000000-0000-4000-8000-000000000017"
"AKB";"Ак Барс";"Казань";"ЦТР";"Денис";"Комков";"Россия";"64";"4";"40";"двухсторонний";"1";"";"";"";"";"35000000-0000-4000-8000-000000000009"
"ADM";"Адмирал";"Владивосток";"ЗАЩ";"Либор";"Шулак";"Чехия";"78";"7";"329";"односторонний";"52";"55";"";"";"";"admiral-player-sulak"
"ADM";"Адмирал";"Владивосток";"ЗАЩ";"Георгий";"Солянников";"Россия";"77";"6";"249";"односторонний";"35";"";"";"";"";"admiral-player-solyannikov"
"ADM";"Адмирал";"Владивосток";"ЦТР";"Кайл";"Олсон";"Канада";"76";"2";"66";"односторонний";"30";"";"";"";"";"admiral-player-kyle-olson"
"ADM";"Адмирал";"Владивосток";"ЛНП";"Энтони";"Камара";"Канада";"76";"3";"143";"односторонний";"30";"30";"";"";"";"added-player-camara"
"ADM";"Адмирал";"Владивосток";"ЛНП";"Дмитрий";"Завгородний";"Россия";"75";"7";"262";"односторонний";"20";"";"";"";"";"admiral-player-zavgorodny"
"ADM";"Адмирал";"Владивосток";"ЗАЩ";"Марио";"Грман";"Словакия";"75";"4";"145";"односторонний";"30";"";"";"";"";"admiral-player-grman"
"ADM";"Адмирал";"Владивосток";"ЦТР";"Вячеслав";"Основин";"Россия";"74";"14";"658";"односторонний";"16";"";"";"";"";"admiral-player-osnovin"
"ADM";"Адмирал";"Владивосток";"ЛНП";"Егор";"Чезганов";"Беларусь";"73";"6";"54";"двухсторонний";"2";"2";"5";"";"";"admiral-player-chezganov"
"ADM";"Адмирал";"Владивосток";"ПНП";"Иван";"Муранов";"Россия";"73";"9";"372";"односторонний";"20";"20";"";"";"";"admiral-player-muranov"
"ADM";"Адмирал";"Владивосток";"ПНП";"Александр";"Волков";"Россия";"72";"4";"111";"двухсторонний";"1";"";"";"";"";"lok-player-alexander-volkov"
"ADM";"Адмирал";"Владивосток";"ЗАЩ";"Александр";"Шепелев";"Россия";"72";"5";"146";"односторонний";"8";"";"";"";"";"admiral-player-shepelev"
"ADM";"Адмирал";"Владивосток";"ЦТР";"Даниэль";"Усманов";"Россия";"72";"5";"107";"двухсторонний";"1";"1";"";"";"";"admiral-player-usmanov"
"ADM";"Адмирал";"Владивосток";"ЗАЩ";"Дмитрий";"Дерябин";"Беларусь";"72";"8";"244";"односторонний";"10";"";"";"";"";"admiral-player-deryabin"
"ADM";"Адмирал";"Владивосток";"ЛНП";"Александр";"Дарьин";"Россия";"71";"7";"165";"односторонний";"13";"13";"";"";"";"admiral-player-alexander-daryin"
"ADM";"Адмирал";"Владивосток";"ВРТ";"Иван";"Кульбаков";"Беларусь";"71";"9";"163";"односторонний";"55";"55";"55";"55";"";"goalie-player-ivan-kulbakov"
"ADM";"Адмирал";"Владивосток";"ЗАЩ";"Никита";"Ефремов";"Россия";"71";"8";"234";"односторонний";"2";"2";"2";"";"";"admiral-player-nikita-yefremov"
"ADM";"Адмирал";"Владивосток";"ЛНП";"Оскар";"Булавчук";"Россия";"71";"2";"31";"двухсторонний";"1";"1";"";"";"";"admiral-player-bulavchuk"
"ADM";"Адмирал";"Владивосток";"ЦТР";"Артём";"Пименов";"Россия";"69";"7";"235";"односторонний";"20";"";"";"";"";"31000000-0000-4000-8000-000000000015"
"ADM";"Адмирал";"Владивосток";"ЗАЩ";"Константин";"Лучевников";"Россия";"69";"6";"174";"односторонний";"12";"";"";"";"";"35000000-0000-4000-8000-000000000010"
"ADM";"Адмирал";"Владивосток";"ЦТР";"Михаил";"Грасс";"Россия";"69";"3";"32";"двухсторонний";"2";"3";"";"";"";"added-player-grass"
"ADM";"Адмирал";"Владивосток";"ЛНП";"Иван";"Фомин";"Россия";"68";"1";"2";"трехсторонний";"0,5";"0,5";"";"";"";"admiral-player-ivan-fomin"
"ADM";"Адмирал";"Владивосток";"ЦТР";"Максим";"Мухаметов";"Казахстан";"68";"3";"66";"односторонний";"14";"";"";"";"";"barys-player-mukhametov"
"ADM";"Адмирал";"Владивосток";"ЗАЩ";"Руслан";"Педан";"Россия";"68";"10";"311";"односторонний";"10";"";"";"";"";"admiral-player-ruslan-pedan"
"ADM";"Адмирал";"Владивосток";"ЗАЩ";"Семен";"Ибрагимов";"Россия";"67";"5";"94";"двухсторонний";"1";"1";"";"";"";"admiral-player-semyon-ibragimov"
"ADM";"Адмирал";"Владивосток";"ЗАЩ";"Федор";"Крощинский";"Россия";"67";"4";"191";"двухсторонний";"1";"";"";"";"";"neftekhimik-player-kroshchinsky"
"ADM";"Адмирал";"Владивосток";"ВРТ";"Арсений";"Цыба";"Россия";"66";"1";"12";"двухсторонний";"1";"1";"1";"";"";"goalie-player-arseny-tsyba"
"ADM";"Адмирал";"Владивосток";"ВРТ";"Джелал-Ад-Дин";"Амирбеков";"Казахстан";"66";"0";"0";"двухсторонний";"0,5";"0,5";"0,5";"";"";"goalie-player-jelal-ad-din-amirbekov"
"ADM";"Адмирал";"Владивосток";"ЗАЩ";"Артем";"Кудашов";"Россия";"65";"4";"132";"двухсторонний";"1";"1";"";"";"";"admiral-player-artyom-kudashov"
"AMR";"Амур";"Хабаровск";"ЗАЩ";"Вячеслав";"Войнов";"Россия";"78";"9";"402";"односторонний";"20";"40";"";"";"";"f3a4b5c6-d7e8-4f9a-0b1c-2d3e4f5a6b7c"
"AMR";"Амур";"Хабаровск";"ВРТ";"Максим";"Дорожко";"Россия";"78";"5";"184";"односторонний";"35";"40";"";"";"";"goalie-player-maxim-dorozhko"
"AMR";"Амур";"Хабаровск";"ЦТР";"Александр";"Дергачев";"Россия";"76";"11";"420";"односторонний";"35";"35";"";"";"";"neftekhimik-player-dergachev"
"AMR";"Амур";"Хабаровск";"ЗАЩ";"Василий";"Мачулин";"Россия";"76";"5";"178";"односторонний";"10";"";"";"";"";"sochi-player-machulin"
"AMR";"Амур";"Хабаровск";"ПНП";"Олег";"Ли";"Россия";"76";"14";"581";"односторонний";"20";"";"";"";"";"amur-player-oleg-li"
"AMR";"Амур";"Хабаровск";"ЗАЩ";"Алексей";"Василевский";"Россия";"75";"14";"604";"односторонний";"40";"42";"42";"";"";"31000000-0000-4000-8000-000000000004"
"AMR";"Амур";"Хабаровск";"ЗАЩ";"Виктор";"Антипин";"Россия";"75";"14";"643";"односторонний";"5";"5";"";"";"";"amur-player-antipin"
"AMR";"Амур";"Хабаровск";"ПНП";"Виталий";"Абрамов";"Россия";"75";"5";"255";"односторонний";"40";"45";"";"";"";"37000000-0000-4000-8000-000000000001"
"AMR";"Амур";"Хабаровск";"ЛНП";"Иван";"Чехович";"Россия";"75";"7";"285";"односторонний";"19";"40";"";"";"";"amur-player-chekhovich"
"AMR";"Амур";"Хабаровск";"ПНП";"Кирилл";"Петьков";"Россия";"75";"7";"282";"односторонний";"8";"8";"";"";"";"amur-player-petkov"
"AMR";"Амур";"Хабаровск";"ЗАЩ";"Никита";"Евсеев";"Россия";"75";"5";"166";"двухсторонний";"5";"";"";"";"";"amur-player-nikita-yevseyev"
"AMR";"Амур";"Хабаровск";"ЗАЩ";"Ярослав";"Дыбленко";"Россия";"75";"13";"549";"односторонний";"45";"";"";"";"";"amur-player-dyblenko"
"AMR";"Амур";"Хабаровск";"ЛНП";"Ярослав";"Лихачев";"Россия";"75";"5";"224";"односторонний";"16";"40";"40";"40";"";"amur-player-likhachyov"
"AMR";"Амур";"Хабаровск";"ЛНП";"Григорий";"Кузьмин";"Россия";"73";"4";"61";"двухсторонний";"2";"2";"";"";"";"amur-player-grigori-kuzmin"
"AMR";"Амур";"Хабаровск";"ЗАЩ";"Данила";"Галенюк";"Россия";"73";"9";"303";"односторонний";"30";"";"";"";"";"ska-player-galenyuk"
"AMR";"Амур";"Хабаровск";"ЦТР";"Артем";"Шварев";"Россия";"72";"6";"120";"двухсторонний";"3";"3";"";"";"";"amur-player-artyom-shvaryov"
"AMR";"Амур";"Хабаровск";"ЗАЩ";"Егор";"Рыков";"Россия";"72";"11";"327";"односторонний";"5";"5";"";"";"";"amur-player-yegor-rykov"
"AMR";"Амур";"Хабаровск";"ПНП";"Кирилл";"Ураков";"Россия";"72";"11";"466";"односторонний";"5";"5";"";"";"";"amur-player-urakov"
"AMR";"Амур";"Хабаровск";"ЗАЩ";"Алексей";"Соловьев";"Россия";"71";"6";"218";"односторонний";"35";"35";"";"";"";"amur-player-alexei-solovyov"
"AMR";"Амур";"Хабаровск";"ПНП";"Андрей";"Крутов";"Россия";"71";"3";"36";"двухсторонний";"1";"1";"";"";"";"amur-player-andrei-krutov"
"AMR";"Амур";"Хабаровск";"ЗАЩ";"Егор";"Воронков";"Россия";"71";"12";"542";"односторонний";"5";"5";"5";"";"";"amur-player-yegor-voronkov"
"AMR";"Амур";"Хабаровск";"ПНП";"Александр";"Филатьев";"Россия";"70";"4";"95";"двухсторонний";"3";"";"";"";"";"amur-player-filatyev"
"AMR";"Амур";"Хабаровск";"ВРТ";"Александр";"Трушков";"Россия";"69";"9";"131";"односторонний";"20";"20";"";"";"";"goalie-player-alexander-trushkov"
"AMR";"Амур";"Хабаровск";"ЗАЩ";"Рауль";"Акмальдинов";"Россия";"69";"5";"46";"двухсторонний";"2";"2";"";"";"";"amur-player-akmaldinov"
"AMR";"Амур";"Хабаровск";"ЦТР";"Иван";"Климович";"Россия";"68";"5";"143";"двухсторонний";"0,7";"0,7";"";"";"";"sib-player-ivan-klimovich"
"AMR";"Амур";"Хабаровск";"ВРТ";"Виктор";"Кобозев";"Россия";"66";"1";"12";"двухсторонний";"0,5";"0,5";"0,5";"";"";"goalie-player-viktor-kobozev"
"AMR";"Амур";"Хабаровск";"ЗАЩ";"Иван";"Шерстнев";"Россия";"62";"2";"12";"трехсторонний";"0,5";"0,5";"";"";"";"amur-player-ivan-sherstnyov"
"AVG";"Авангард";"Омск";"ЗАЩ";"Дамир";"Шарипзянов";"Россия";"82";"9";"512";"односторонний";"60";"85";"80";"70";"70";"c4d5e6f7-a8b9-4c0d-1e2f-3a4b5c6d7e8f"
"AVG";"Авангард";"Омск";"ЗАЩ";"Семен";"Чистяков";"Россия";"81";"6";"303";"односторонний";"45";"60";"";"";"";"a9b0c1d2-e3f4-4a5b-6c7d-8e9f0a1b2c3d"
"AVG";"Авангард";"Омск";"ЛНП";"Константин";"Окулов";"Россия";"80";"13";"582";"односторонний";"85";"85";"85";"";"";"d8e9f0a1-b2c3-4d4e-9f5a-6b7c8d9e0f1a"
"AVG";"Авангард";"Омск";"ЗАЩ";"Максим";"Лажуа";"Канада";"80";"1";"52";"односторонний";"40";"50";"";"";"";"e7f8a9b0-c1d2-4e3f-5a6b-7c8d9e0f1a2b"
"AVG";"Авангард";"Омск";"ВРТ";"Никита";"Серебряков";"Россия";"80";"11";"311";"односторонний";"50";"50";"70";"70";"70";"goalie-player-nikita-serebryakov"
"AVG";"Авангард";"Омск";"ЛНП";"Джошуа";"Ливо";"Канада";"79";"3";"151";"односторонний";"70";"70";"";"";"";"a1b2c3d4-e5f6-4a7b-8c8d-9e0f1a2b3c60"
"AVG";"Авангард";"Омск";"ЦТР";"Эндрю";"Потуральски";"США";"79";"1";"52";"односторонний";"70";"70";"";"";"";"e9f0a1b2-c3d4-4e5f-8a6b-7c8d9e0f1a2b"
"AVG";"Авангард";"Омск";"ЦТР";"Майкл";"Маклауд";"Канада";"78";"2";"74";"односторонний";"55";"95";"95";"";"";"f0a1b2c3-d4e5-4f6a-8b7c-9d0e1f2a3b4d"
"AVG";"Авангард";"Омск";"ПНП";"Дмитрий";"Рашевский";"Россия";"77";"6";"307";"односторонний";"50";"65";"";"";"";"a1b2c3d4-e5f6-4a7b-8c8d-9e0f1a2b3c4d"
"AVG";"Авангард";"Омск";"ПНП";"Наиль";"Якупов";"Россия";"77";"9";"343";"односторонний";"7";"35";"";"";"";"d4e5f6a7-b8c9-4d0e-8f1a-2b3c4d5e6f7a"
"AVG";"Авангард";"Омск";"ЦТР";"Николай";"Прохоркин";"Россия";"77";"15";"555";"односторонний";"35";"35";"";"";"";"b2c3d4e5-f6a7-4b8c-9d9e-0f1a2b3c4d5e"
"AVG";"Авангард";"Омск";"ПНП";"Александр";"Волков";"Россия";"76";"5";"252";"односторонний";"70";"70";"70";"";"";"e5f6a7b8-c9d0-4e1f-8a2b-3c4d5e6f7a8c"
"AVG";"Авангард";"Омск";"ВРТ";"Иван";"Просветов";"Россия";"76";"2";"38";"односторонний";"20";"20";"";"";"";"goalie-player-ivan-prosvetov"
"AVG";"Авангард";"Омск";"ЦТР";"Седрик";"Пакетт";"Россия";"76";"4";"199";"односторонний";"60";"15";"";"";"";"39000000-0000-4000-8000-000000000014"
"AVG";"Авангард";"Омск";"ЦТР";"Артём";"Ильенко";"Россия";"75";"11";"476";"односторонний";"25";"40";"40";"40";"";"39000000-0000-4000-8000-000000000007"
"AVG";"Авангард";"Омск";"ЦТР";"Василий";"Пономарев";"Россия";"75";"2";"53";"односторонний";"50";"55";"60";"";"";"c3d4e5f6-a7b8-4c9d-8e0f-1a2b3c4d5e6f"
"AVG";"Авангард";"Омск";"ЗАЩ";"Кирилл";"Адамчук";"Россия";"74";"9";"335";"односторонний";"20";"40";"35";"30";"";"39000000-0000-4000-8000-000000000001"
"AVG";"Авангард";"Омск";"ЗАЩ";"Михаил";"Гуляев";"Россия";"74";"4";"184";"двухсторонний";"18";"5";"30";"";"";"c7d8e9f0-a1b2-4c3d-8e4f-5a6b7c8d9e0f"
"AVG";"Авангард";"Омск";"ЗАЩ";"Джозеф";"Чеккони";"США";"72";"1";"40";"односторонний";"20";"5";"";"";"";"a5b6c7d8-e9f0-4a1b-8c2d-3e4f5a6b7c8d"
"AVG";"Авангард";"Омск";"ЦТР";"Иван";"Игумнов";"Россия";"71";"11";"492";"односторонний";"30";"";"";"";"";"c0d1e2f3-a4b5-4c6d-8e7f-9a0b1c2d3e40"
"AVG";"Авангард";"Омск";"ЗАЩ";"Марсель";"Ибрагимов";"Россия";"69";"8";"170";"односторонний";"12";"30";"30";"";"";"b6c7d8e9-f0a1-4b2c-9d3e-4f5a6b7c8d9e"
"AVG";"Авангард";"Омск";"ЦТР";"Павел";"Леука";"Россия";"66";"2";"16";"двухсторонний";"0,5";"0,5";"";"";"";"d1e2f3a4-b5c6-4d7e-8f9a-0b1c2d3e4f70"
"AVG";"Авангард";"Омск";"ВРТ";"Сергей";"Долгов";"Россия";"66";"0";"0";"двухсторонний";"0,5";"0,5";"";"";"";"goalie-player-sergey-dolgov"
"AVT";"Автомобилист";"Екатеринбург";"ЛНП";"Даниэль";"Спронг";"Нидерланды";"81";"1";"52";"односторонний";"35";"90";"";"";"";"avt-add-player-sprong"
"AVT";"Автомобилист";"Екатеринбург";"ЗАЩ";"Никита";"Трямкин";"Россия";"80";"13";"663";"односторонний";"55";"55";"55";"";"";"b7c8d9e0-1f2a-4b3c-9d4e-5f6a7b8c9d0e"
"AVT";"Автомобилист";"Екатеринбург";"ЦТР";"Адам";"Ружичка";"Словакия";"79";"2";"116";"односторонний";"75";"75";"";"";"";"added-player-ruzicka"
"AVT";"Автомобилист";"Екатеринбург";"ЛНП";"Александр";"Барабанов";"Россия";"79";"9";"384";"односторонний";"95";"100";"100";"";"";"35000000-0000-4000-8000-000000000002"
"AVT";"Автомобилист";"Екатеринбург";"ВРТ";"Владимир";"Галкин";"Россия";"78";"7";"168";"односторонний";"20";"20";"";"";"";"goalie-player-vladimir-galkin"
"AVT";"Автомобилист";"Екатеринбург";"ЦТР";"Александр";"Шаров";"Россия";"77";"10";"570";"односторонний";"60";"60";"60";"";"";"f7a8b9c0-d1e2-3f4a-5b6c-7d8e9f0a1b2c"
"AVT";"Автомобилист";"Екатеринбург";"ПНП";"Анатолий";"Голышев";"Россия";"77";"13";"568";"односторонний";"40";"40";"38";"35";"";"f2a6b8c9-7d4e-4a2b-9f3c-1e2d3c4b5a6f"
"AVT";"Автомобилист";"Екатеринбург";"ПНП";"Антон";"Слепышев";"Россия";"77";"12";"508";"односторонний";"10";"20";"";"";"";"39000000-0000-4000-8000-000000000021"
"AVT";"Автомобилист";"Екатеринбург";"ЗАЩ";"Джесси";"Блэкер";"Казахстан";"77";"9";"444";"односторонний";"46";"46";"";"";"";"d9e0f1a2-b3c4-4d5e-9f0a-1b2c3d4e5f6a"
"AVT";"Автомобилист";"Екатеринбург";"ЗАЩ";"Джордан";"Гросс";"США";"77";"2";"117";"односторонний";"70";"66";"66";"";"";"f3a4b5c6-d7e8-4f9a-8b0c-1d2e3f4a5b10"
"AVT";"Автомобилист";"Екатеринбург";"ВРТ";"Евгений";"Аликин";"Россия";"77";"11";"313";"односторонний";"40";"40";"40";"";"";"goalie-player-alikin"
"AVT";"Автомобилист";"Екатеринбург";"ЗАЩ";"Кейл";"Клэг";"США";"77";"0";"0";"односторонний";"55";"55";"55";"";"";"added-player-clague"
"AVT";"Автомобилист";"Екатеринбург";"ЛНП";"Роман";"Горбунов";"Беларусь";"77";"6";"311";"односторонний";"55";"55";"55";"";"";"e1f2a3b4-c5d6-7e8f-9a0b-1c2d3e4f5a6b"
"AVT";"Автомобилист";"Екатеринбург";"ЦТР";"Александр";"Кадейкин";"Россия";"76";"14";"662";"односторонний";"70";"60";"60";"";"";"c3d4e5f6-a7b8-4c9d-8e0f-1a2b3c4d5ea0"
"AVT";"Автомобилист";"Екатеринбург";"ПНП";"Максим";"Денежкин";"Россия";"76";"7";"117";"односторонний";"7";"18";"18";"";"";"a3b4c5d6-e7f8-9a0b-1c2d-3e4f5a6b7c8d"
"AVT";"Автомобилист";"Екатеринбург";"ЛНП";"Никита";"Шашков";"Россия";"76";"8";"301";"односторонний";"17";"23";"23";"";"";"b1c2d3e4-f5a6-7b8c-9d0e-1f2a3b4c5d6e"
"AVT";"Автомобилист";"Екатеринбург";"ЗАЩ";"Ярослав";"Бусыгин";"Россия";"76";"5";"215";"односторонний";"15";"15";"";"";"";"c9d0e1f2-3a4b-5c6d-7e8f-9a0b1c2d3e4f"
"AVT";"Автомобилист";"Екатеринбург";"ЛНП";"Даниил";"Гущин";"Россия";"75";"0";"0";"односторонний";"35";"35";"";"";"";"external-rights-gushchin"
"AVT";"Автомобилист";"Екатеринбург";"ЦТР";"Данил";"Романцев";"Россия";"75";"12";"561";"односторонний";"20";"";"";"";"";"f9a0b1c2-d3e4-5f6a-7b8c-9d0e1f2a3b4c"
"AVT";"Автомобилист";"Екатеринбург";"ЗАЩ";"Илья";"Карпухин";"Россия";"75";"8";"438";"односторонний";"25";"70";"70";"70";"";"35000000-0000-4000-8000-000000000007"
"AVT";"Автомобилист";"Екатеринбург";"ЗАЩ";"Кирилл";"Воробьев";"Россия";"74";"12";"512";"двухсторонний";"35";"35";"";"";"";"e8f9a0b1-c2d3-4e5f-6a7b-8c9d0e1f2a3b"
"AVT";"Автомобилист";"Екатеринбург";"ЦТР";"Артем";"Каштанов";"Россия";"72";"3";"114";"односторонний";"2";"";"";"";"";"b4c5d6e7-f8a9-0b1c-2d3e-4f5a6b7c8d9e"
"AVT";"Автомобилист";"Екатеринбург";"ЗАЩ";"Артем";"Щучинов";"Россия";"72";"4";"96";"трехсторонний";"2";"2";"";"";"";"avt-add-player-shchuchinov"
"AVT";"Автомобилист";"Екатеринбург";"ЦТР";"Егор";"Черников";"Россия";"71";"2";"73";"двухсторонний";"5";"5";"5";"";"";"avt-add-player-chernikov"
"AVT";"Автомобилист";"Екатеринбург";"ЗАЩ";"Даниил";"Малоросиянов";"Россия";"68";"3";"85";"двухсторонний";"0,5";"";"";"";"";"e0f1a2b3-c4d5-4e6f-9a0b-1c2d3e4f5a6b"
"AVT";"Автомобилист";"Екатеринбург";"ПНП";"Максим";"Великов";"Россия";"68";"1";"4";"трехсторонний";"0,5";"1";"";"";"";"avt-add-player-velikov"
"AVT";"Автомобилист";"Екатеринбург";"ЦТР";"Лавр";"Гашилов";"Россия";"67";"1";"3";"трехсторонний";"0,5";"0,5";"";"";"";"avt-add-player-gashilov"
"AVT";"Автомобилист";"Екатеринбург";"ВРТ";"Лоренс";"Зинаддин";"Беларусь";"67";"0";"0";"двухсторонний";"0,5";"0,5";"";"";"";"goalie-player-lorens-zinaddin"
"AVT";"Автомобилист";"Екатеринбург";"ЛНП";"Дмитрий";"Исаев";"Россия";"66";"2";"6";"трехсторонний";"0,2";"0,2";"";"";"";"c8d9e0f1-a2b3-4c5d-8e9f-0a1b2c3d4e5f"
"AVT";"Автомобилист";"Екатеринбург";"ЗАЩ";"Михаил";"Гамзаков";"Россия";"66";"0";"0";"трехсторонний";"0,5";"0,5";"";"";"";"avt-add-player-gamzakov"
"DYN";"Динамо М";"Москва";"ЗАЩ";"Даниил";"Пыленков";"Россия";"81";"7";"378";"односторонний";"65";"75";"";"";"";"39000000-0000-4000-8000-000000000017"
"DYN";"Динамо М";"Москва";"ЦТР";"Джордан";"Уил";"Канада";"80";"5";"291";"односторонний";"80";"";"";"";"";"39000000-0000-4000-8000-000000000022"
"DYN";"Динамо М";"Москва";"ЗАЩ";"Игорь";"Ожиганов";"Россия";"80";"15";"700";"односторонний";"35";"50";"";"";"";"39000000-0000-4000-8000-000000000013"
"DYN";"Динамо М";"Москва";"ПНП";"Дилан";"Сикьюра";"Канада";"79";"2";"117";"односторонний";"60";"";"";"";"";"39000000-0000-4000-8000-000000000020"
"DYN";"Динамо М";"Москва";"ЛНП";"Никита";"Гусев";"Россия";"79";"14";"654";"односторонний";"45";"";"";"";"";"39000000-0000-4000-8000-000000000004"
"DYN";"Динамо М";"Москва";"ЗАЩ";"Артем";"Блажиевский";"Россия";"78";"12";"535";"односторонний";"45";"";"";"";"";"c1d2e3f4-a5b6-4c7d-8e9f-1a2b3c4d5e6f"
"DYN";"Динамо М";"Москва";"ЗАЩ";"Артём";"Сергеев";"Россия";"78";"11";"536";"односторонний";"50";"50";"";"";"";"39000000-0000-4000-8000-000000000019"
"DYN";"Динамо М";"Москва";"ВРТ";"Владислав";"Подъяпольский";"Россия";"78";"10";"366";"односторонний";"45";"75";"75";"";"";"goalie-player-vladislav-podyapolsky"
"DYN";"Динамо М";"Москва";"ЛНП";"Семён";"Дер-Аргучинцев";"Россия";"78";"4";"182";"односторонний";"26";"";"";"";"";"39000000-0000-4000-8000-000000000005"
"DYN";"Динамо М";"Москва";"ЦТР";"Максим";"Летунов";"Россия";"77";"4";"256";"односторонний";"35";"";"";"";"";"5b000000-0000-4000-8000-000000000012"
"DYN";"Динамо М";"Москва";"ПНП";"Ник";"Меркли";"Канада";"77";"4";"259";"односторонний";"35";"45";"";"";"";"added-player-merkley"
"DYN";"Динамо М";"Москва";"ВРТ";"Максим";"Моторыгин";"Россия";"76";"4";"100";"односторонний";"20";"25";"";"";"";"goalie-player-maxim-motorygin"
"DYN";"Динамо М";"Москва";"ЦТР";"Артём";"Швец-Роговой";"Россия";"75";"12";"370";"односторонний";"30";"";"";"";"";"39000000-0000-4000-8000-000000000025"
"DYN";"Динамо М";"Москва";"ЛНП";"Булат";"Шафигуллин";"Россия";"75";"9";"366";"односторонний";"25";"";"";"";"";"neftekhimik-player-shafigullin"
"DYN";"Динамо М";"Москва";"ЗАЩ";"Лука";"Профака";"Канада";"75";"2";"100";"односторонний";"20";"25";"";"";"";"neftekhimik-player-profaca"
"DYN";"Динамо М";"Москва";"ЗАЩ";"Магомед";"Шараканов";"Россия";"75";"3";"124";"двухсторонний";"2";"";"";"";"";"39000000-0000-4000-8000-000000000024"
"DYN";"Динамо М";"Москва";"ЦТР";"Павел";"Шэн";"Россия";"75";"9";"312";"односторонний";"20";"20";"";"";"";"admiral-player-pavel-shen"
"DYN";"Динамо М";"Москва";"ЗАЩ";"Сергей";"Зборовский";"Россия";"75";"8";"342";"односторонний";"35";"35";"";"";"";"added-player-zborovsky"
"DYN";"Динамо М";"Москва";"ЛНП";"Никита";"Тертышный";"Россия";"74";"7";"277";"односторонний";"19";"";"";"";"";"admiral-player-nikita-tertyshny"
"DYN";"Динамо М";"Москва";"ЗАЩ";"Кирилл";"Готовец";"Беларусь";"73";"9";"404";"односторонний";"30";"";"";"";"";"39000000-0000-4000-8000-000000000026"
"DYN";"Динамо М";"Москва";"ЛНП";"Егор";"Римашевский";"Россия";"72";"3";"160";"двухсторонний";"9";"";"";"";"";"39000000-0000-4000-8000-000000000018"
"DYN";"Динамо М";"Москва";"ПНП";"Игорь";"Мартынов";"Беларусь";"72";"7";"320";"односторонний";"23";"";"";"";"";"b8c9d0e1-f2a3-4b5c-8d6e-7f8a9b0c1d31"
"DYN";"Динамо М";"Москва";"ЦТР";"Андрей";"Никонов";"Россия";"70";"7";"192";"односторонний";"12";"";"";"";"";"e1f2a3b4-c5d6-4e7f-8a8b-0c1d2e3f4a90"
"DYN";"Динамо М";"Москва";"ПНП";"Артем";"Бондарь";"Россия";"68";"2";"9";"двухсторонний";"1";"1";"1";"";"";"added-player-bondar"
"DYN";"Динамо М";"Москва";"ПНП";"Даниил";"Прохоров";"Россия";"68";"1";"16";"трехсторонний";"0,5";"";"";"";"";"39000000-0000-4000-8000-000000000016"
"DYN";"Динамо М";"Москва";"ЗАЩ";"Марио";"Паталаха";"Россия";"67";"3";"75";"двухсторонний";"1";"";"";"";"";"39000000-0000-4000-8000-000000000015"
"DYN";"Динамо М";"Москва";"ВРТ";"Илья";"Подсуха";"Россия";"66";"0";"0";"двухсторонний";"0,5";"0,5";"";"";"";"goalie-player-ilya-podsukha"
"DYN";"Динамо М";"Москва";"ЗАЩ";"Роман";"Калиниченко";"Россия";"65";"5";"80";"двухсторонний";"1";"";"";"";"";"39000000-0000-4000-8000-000000000008"
"DMN";"Динамо Мн";"Минск";"ЗАЩ";"Тай";"Смит";"Канада";"81";"1";"65";"односторонний";"45";"";"";"";"";"4b000000-0000-4000-8000-000000000018"
"DMN";"Динамо Мн";"Минск";"ПНП";"Сэм";"Энэс";"США";"80";"3";"190";"односторонний";"50";"";"";"";"";"4b000000-0000-4000-8000-000000000025"
"DMN";"Динамо Мн";"Минск";"ВРТ";"Зак";"Фукале";"Канада";"79";"4";"138";"односторонний";"71";"71";"";"";"";"goalie-player-zach-fucale"
"DMN";"Динамо Мн";"Минск";"ЛНП";"Алекс";"Лимож";"США";"77";"1";"63";"односторонний";"45";"";"";"";"";"4b000000-0000-4000-8000-000000000012"
"DMN";"Динамо Мн";"Минск";"ЦТР";"Райан";"Спунер";"Канада";"77";"7";"346";"односторонний";"20";"";"";"";"";"4b000000-0000-4000-8000-000000000027"
"DMN";"Динамо Мн";"Минск";"ВРТ";"Василий";"Демченко";"Россия";"76";"12";"384";"односторонний";"35";"35";"";"";"";"goalie-player-vasily-demchenko"
"DMN";"Динамо Мн";"Минск";"ЗАЩ";"Николас";"Мелош";"Канада";"76";"3";"166";"односторонний";"36";"";"";"";"";"4b000000-0000-4000-8000-000000000014"
"DMN";"Динамо Мн";"Минск";"ПНП";"Николя";"Обе-Кюбель";"Канада";"76";"0";"0";"односторонний";"50";"50";"";"";"";"added-player-aube-kubel"
"DMN";"Динамо Мн";"Минск";"ЗАЩ";"Джошуа";"Брук";"Канада";"75";"2";"103";"односторонний";"35";"35";"";"";"";"4b000000-0000-4000-8000-000000000003"
"DMN";"Динамо Мн";"Минск";"ЦТР";"Кристофер";"Тирни";"Канада";"75";"1";"60";"односторонний";"36";"36";"36";"";"";"added-player-tierney"
"DMN";"Динамо Мн";"Минск";"ЗАЩ";"Ксавье";"Уэлле";"Канада";"75";"2";"111";"односторонний";"45";"45";"";"";"";"4b000000-0000-4000-8000-000000000021"
"DMN";"Динамо Мн";"Минск";"ПНП";"Станислав";"Галиев";"Россия";"75";"9";"468";"односторонний";"10";"";"";"";"";"4b000000-0000-4000-8000-000000000006"
"DMN";"Динамо Мн";"Минск";"ЦТР";"Даниил";"Липский";"Беларусь";"73";"3";"145";"двухсторонний";"2";"2";"2";"";"";"4b000000-0000-4000-8000-000000000013"
"DMN";"Динамо Мн";"Минск";"ЦТР";"Ретт";"Гарднер";"Канада";"73";"1";"58";"односторонний";"35";"45";"";"";"";"37000000-0000-4000-8000-000000000004"
"DMN";"Динамо Мн";"Минск";"ЛНП";"Илья";"Усов";"Беларусь";"72";"4";"206";"односторонний";"5";"32";"";"";"";"4b000000-0000-4000-8000-000000000020"
"DMN";"Динамо Мн";"Минск";"ЗАЩ";"Брэйди";"Лайл";"Канада";"71";"2";"110";"односторонний";"35";"35";"";"";"";"4b000000-0000-4000-8000-000000000011"
"DMN";"Динамо Мн";"Минск";"ЛНП";"Егор";"Бориков";"Беларусь";"71";"3";"162";"двухсторонний";"1";"";"";"";"";"4b000000-0000-4000-8000-000000000002"
"DMN";"Динамо Мн";"Минск";"ЛНП";"Даниил";"Сотишвили";"Беларусь";"70";"4";"147";"двухсторонний";"2";"2";"2";"";"";"4b000000-0000-4000-8000-000000000019"
"DMN";"Динамо Мн";"Минск";"ПНП";"Сергей";"Кузнецов";"Беларусь";"70";"5";"154";"двухсторонний";"5";"5";"5";"";"";"4b000000-0000-4000-8000-000000000010"
"DMN";"Динамо Мн";"Минск";"ПНП";"Никита";"Пышкайло";"Беларусь";"69";"5";"207";"двухсторонний";"3";"";"";"";"";"4b000000-0000-4000-8000-000000000016"
"DMN";"Динамо Мн";"Минск";"ВРТ";"Антон";"Круповец";"Беларусь";"68";"1";"1";"трехсторонний";"0,5";"0,5";"";"";"";"goalie-player-anton-krupovets"
"DMN";"Динамо Мн";"Минск";"ЛНП";"Вячеслав";"Грецкий";"Беларусь";"65";"5";"167";"двухсторонний";"2";"";"";"";"";"4b000000-0000-4000-8000-000000000007"
"DMN";"Динамо Мн";"Минск";"ЗАЩ";"Павел";"Воронов";"Беларусь";"65";"1";"5";"двухсторонний";"1";"";"";"";"";"4b000000-0000-4000-8000-000000000005"
"DMN";"Динамо Мн";"Минск";"ЛНП";"Николай";"Салыго";"Беларусь";"64";"2";"20";"трехсторонний";"1";"1,5";"";"";"";"4b000000-0000-4000-8000-000000000017"
"DMN";"Динамо Мн";"Минск";"ЦТР";"Богдан";"Белкин";"Беларусь";"59";"1";"27";"трехсторонний";"0,2";"0,2";"0,5";"0,5";"1";"4b000000-0000-4000-8000-000000000001"
"DMN";"Динамо Мн";"Минск";"ЗАЩ";"Даниил";"Криштофик";"Беларусь";"59";"1";"8";"трехсторонний";"0,2";"0,2";"0,5";"0,5";"1";"4b000000-0000-4000-8000-000000000009"
"CSK";"ЦСКА";"Москва";"ПНП";"Марат";"Хайруллин";"Россия";"80";"11";"540";"односторонний";"55";"";"";"";"";"ska-player-khairullin"
"CSK";"ЦСКА";"Москва";"ЗАЩ";"Джереми";"Рой";"Канада";"78";"4";"248";"односторонний";"50";"50";"";"";"";"37000000-0000-4000-8000-000000000017"
"CSK";"ЦСКА";"Москва";"ЛНП";"Дмитрий";"Бучельников";"Россия";"78";"4";"166";"односторонний";"22";"";"";"";"";"37000000-0000-4000-8000-000000000003"
"CSK";"ЦСКА";"Москва";"ЗАЩ";"Никита";"Нестеров";"Россия";"78";"10";"463";"односторонний";"50";"";"";"";"";"37000000-0000-4000-8000-000000000013"
"CSK";"ЦСКА";"Москва";"ЛНП";"Прохор";"Полтапов";"Россия";"78";"6";"258";"двухсторонний";"25";"30";"";"";"";"37000000-0000-4000-8000-000000000016"
"CSK";"ЦСКА";"Москва";"ЦТР";"Денис";"Зернов";"Россия";"77";"10";"532";"односторонний";"50";"65";"";"";"";"37000000-0000-4000-8000-000000000007"
"CSK";"ЦСКА";"Москва";"ЦТР";"Дерек";"Барак";"США";"77";"3";"186";"односторонний";"50";"";"";"";"";"33000000-0000-4000-8000-000000000001"
"CSK";"ЦСКА";"Москва";"ВРТ";"Дмитрий";"Гамзин";"Россия";"77";"5";"79";"односторонний";"20";"30";"40";"";"";"goalie-player-dmitry-gamzin"
"CSK";"ЦСКА";"Москва";"ПНП";"Николай";"Коваленко";"Россия";"77";"8";"351";"односторонний";"45";"60";"";"";"";"37000000-0000-4000-8000-000000000010"
"CSK";"ЦСКА";"Москва";"ЗАЩ";"Алекс";"Коттон";"Канада";"76";"1";"63";"односторонний";"25";"30";"30";"";"";"lada-player-cotton"
"CSK";"ЦСКА";"Москва";"ПНП";"Денис";"Гурьянов";"Россия";"76";"4";"168";"односторонний";"55";"";"";"";"";"37000000-0000-4000-8000-000000000023"
"CSK";"ЦСКА";"Москва";"ПНП";"Максим";"Мамин";"Россия";"76";"10";"483";"односторонний";"60";"60";"";"";"";"39000000-0000-4000-8000-000000000012"
"CSK";"ЦСКА";"Москва";"ЗАЩ";"Дмитрий";"Саморуков";"Россия";"75";"3";"121";"односторонний";"45";"50";"";"";"";"37000000-0000-4000-8000-000000000018"
"CSK";"ЦСКА";"Москва";"ЛНП";"Клим";"Костин";"Россия";"75";"3";"80";"односторонний";"15";"";"";"";"";"37000000-0000-4000-8000-000000000024"
"CSK";"ЦСКА";"Москва";"ЦТР";"Максим";"Соркин";"Россия";"75";"7";"332";"односторонний";"40";"45";"";"";"";"37000000-0000-4000-8000-000000000019"
"CSK";"ЦСКА";"Москва";"ЦТР";"Павел";"Карнаухов";"Россия";"75";"10";"445";"односторонний";"55";"65";"65";"65";"";"37000000-0000-4000-8000-000000000009"
"CSK";"ЦСКА";"Москва";"ПНП";"Иван";"Дроздов";"Беларусь";"74";"8";"379";"односторонний";"45";"45";"";"";"";"37000000-0000-4000-8000-000000000005"
"CSK";"ЦСКА";"Москва";"ЗАЩ";"Никита";"Охотюк";"Россия";"74";"2";"121";"односторонний";"45";"";"";"";"";"37000000-0000-4000-8000-000000000014"
"CSK";"ЦСКА";"Москва";"ЗАЩ";"Роберт";"Хэмилтон";"Канада";"74";"4";"219";"односторонний";"42";"";"";"";"";"4b000000-0000-4000-8000-000000000023"
"CSK";"ЦСКА";"Москва";"ВРТ";"Александр";"Самонов";"Россия";"72";"9";"235";"односторонний";"20";"20";"";"";"";"goalie-player-alexander-samonov"
"CSK";"ЦСКА";"Москва";"ЗАЩ";"Иван";"Патрихаев";"Россия";"72";"2";"73";"двухсторонний";"1";"";"";"";"";"37000000-0000-4000-8000-000000000015"
"CSK";"ЦСКА";"Москва";"ЦТР";"Данила";"Моисеев";"Россия";"70";"9";"307";"односторонний";"5";"";"";"";"";"37000000-0000-4000-8000-000000000025"
"CSK";"ЦСКА";"Москва";"ЛНП";"Олег";"Майстренко";"Россия";"68";"3";"30";"двухсторонний";"1";"1";"1";"";"";"37000000-0000-4000-8000-000000000011"
"CSK";"ЦСКА";"Москва";"ЛНП";"Алексей";"Чуркин";"Россия";"64";"2";"47";"двухсторонний";"2";"";"";"";"";"37000000-0000-4000-8000-000000000021"
"SYU";"Салават Юлаев";"Уфа";"ВРТ";"Семен";"Вязовой";"Россия";"79";"3";"83";"односторонний";"33";"33";"";"";"";"goalie-player-semyon-vyazovoy"
"SYU";"Салават Юлаев";"Уфа";"ПНП";"Шелдон";"Ремпал";"Канада";"79";"2";"93";"односторонний";"100";"";"";"";"";"31000000-0000-4000-8000-000000000016"
"SYU";"Салават Юлаев";"Уфа";"ЦТР";"Вадим";"Шипачев";"Россия";"77";"18";"951";"односторонний";"45";"";"";"";"";"4b000000-0000-4000-8000-000000000024"
"SYU";"Салават Юлаев";"Уфа";"ЦТР";"Джек";"Родуолд";"Канада";"77";"4";"232";"односторонний";"30";"";"";"";"";"31000000-0000-4000-8000-000000000017"
"SYU";"Салават Юлаев";"Уфа";"ЛНП";"Егор";"Сучков";"Россия";"76";"6";"203";"односторонний";"15";"15";"";"";"";"31000000-0000-4000-8000-000000000019"
"SYU";"Салават Юлаев";"Уфа";"ЛНП";"Девин";"Броссо";"Канада";"75";"4";"209";"односторонний";"29";"";"";"";"";"31000000-0000-4000-8000-000000000002"
"SYU";"Салават Юлаев";"Уфа";"ПНП";"Александр";"Жаровский";"Россия";"74";"2";"45";"трехсторонний";"3";"3";"";"";"";"31000000-0000-4000-8000-000000000008"
"SYU";"Салават Юлаев";"Уфа";"ЗАЩ";"Григорий";"Панин";"Россия";"73";"18";"788";"односторонний";"10";"";"";"";"";"31000000-0000-4000-8000-000000000014"
"SYU";"Салават Юлаев";"Уфа";"ЦТР";"Данил";"Алалыкин";"Россия";"73";"7";"242";"односторонний";"20";"";"";"";"";"31000000-0000-4000-8000-000000000001"
"SYU";"Салават Юлаев";"Уфа";"ЗАЩ";"Дин";"Стюарт";"Канада";"72";"2";"92";"односторонний";"30";"30";"";"";"";"31000000-0000-4000-8000-000000000018"
"SYU";"Салават Юлаев";"Уфа";"ЦТР";"Владислав";"Ефремов";"Россия";"71";"9";"411";"односторонний";"35";"";"";"";"";"31000000-0000-4000-8000-000000000007"
"SYU";"Салават Юлаев";"Уфа";"ЗАЩ";"Ярослав";"Цулыгин";"Россия";"71";"4";"182";"двухсторонний";"4";"";"";"";"";"31000000-0000-4000-8000-000000000022"
"SYU";"Салават Юлаев";"Уфа";"ЗАЩ";"Никита";"Зоркин";"Россия";"70";"6";"245";"односторонний";"24";"";"";"";"";"31000000-0000-4000-8000-000000000009"
"SYU";"Салават Юлаев";"Уфа";"ЗАЩ";"Евгений";"Кулик";"Россия";"69";"14";"597";"односторонний";"12";"";"";"";"";"31000000-0000-4000-8000-000000000013"
"SYU";"Салават Юлаев";"Уфа";"ЛНП";"Артём";"Горшков";"Россия";"68";"2";"94";"двухсторонний";"3";"3";"";"";"";"31000000-0000-4000-8000-000000000006"
"SYU";"Салават Юлаев";"Уфа";"ПНП";"Максим";"Кузнецов";"Россия";"68";"2";"53";"двухсторонний";"3";"";"";"";"";"31000000-0000-4000-8000-000000000011"
"SYU";"Салават Юлаев";"Уфа";"ЛНП";"Пётр";"Хохряков";"Россия";"68";"18";"678";"односторонний";"8";"";"";"";"";"31000000-0000-4000-8000-000000000021"
"SYU";"Салават Юлаев";"Уфа";"ВРТ";"Илья";"Коновалов";"Россия";"67";"7";"220";"односторонний";"17";"17";"";"";"";"goalie-player-ilya-konovalov"
"SYU";"Салават Юлаев";"Уфа";"ВРТ";"Ярослав";"Мозговой";"Россия";"67";"0";"0";"двухсторонний";"0,5";"0,5";"";"";"";"goalie-player-yaroslav-mozgovoy"
"SYU";"Салават Юлаев";"Уфа";"ЗАЩ";"Александр";"Комаров";"Россия";"62";"5";"125";"двухсторонний";"5";"";"";"";"";"31000000-0000-4000-8000-000000000010"
"SYU";"Салават Юлаев";"Уфа";"ЗАЩ";"Ильдан";"Газимов";"Россия";"61";"3";"84";"двухсторонний";"5";"";"";"";"";"31000000-0000-4000-8000-000000000005"
"SYU";"Салават Юлаев";"Уфа";"ЗАЩ";"Сергей";"Варлов";"Россия";"61";"5";"125";"двухсторонний";"6";"";"";"";"";"31000000-0000-4000-8000-000000000003"
"SEV";"Северсталь";"Череповец";"ЗАЩ";"Иоаннис";"Калдис";"Канада";"77";"3";"182";"односторонний";"40";"40";"";"";"";"severstal-player-kaldis"
"SEV";"Северсталь";"Череповец";"ЦТР";"Руслан";"Абросимов";"Россия";"77";"5";"265";"односторонний";"10";"10";"";"";"";"severstal-player-abrosimov"
"SEV";"Северсталь";"Череповец";"ПНП";"Адам";"Лишка";"Словакия";"76";"8";"432";"односторонний";"25";"";"";"";"";"severstal-player-liska"
"SEV";"Северсталь";"Череповец";"ЛНП";"Александр";"Скоренов";"Беларусь";"76";"4";"205";"односторонний";"17";"19";"";"";"";"severstal-player-skorenov"
"SEV";"Северсталь";"Череповец";"ПНП";"Денис";"Ян";"Россия";"76";"4";"200";"односторонний";"35";"";"";"";"";"31000000-0000-4000-8000-000000000023"
"SEV";"Северсталь";"Череповец";"ЗАЩ";"Владимир";"Грудинин";"Россия";"74";"5";"201";"двухсторонний";"17";"20";"";"";"";"severstal-player-grudinin"
"SEV";"Северсталь";"Череповец";"ПНП";"Давид";"Думбадзе";"Россия";"74";"6";"306";"односторонний";"2";"2";"";"";"";"severstal-player-dumbadze"
"SEV";"Северсталь";"Череповец";"ЛНП";"Семен";"Кизимов";"Россия";"74";"5";"117";"односторонний";"17";"";"";"";"";"c5d6e7f8-a9b0-1c2d-3e4f-5a6b7c8d9e0f"
"SEV";"Северсталь";"Череповец";"ЗАЩ";"Томас";"Грегуар";"Канада";"74";"1";"60";"односторонний";"40";"";"";"";"";"severstal-player-gregoire"
"SEV";"Северсталь";"Череповец";"ВРТ";"Александр";"Самойлов";"Россия";"73";"3";"109";"односторонний";"20";"20";"";"";"";"goalie-player-alexander-samoylov"
"SEV";"Северсталь";"Череповец";"ЦТР";"Илья";"Иванцов";"Россия";"73";"5";"234";"двухсторонний";"20";"";"";"";"";"severstal-player-ivantsov"
"SEV";"Северсталь";"Череповец";"ЛНП";"Данил";"Веряев";"Россия";"72";"9";"391";"односторонний";"4";"";"";"";"";"severstal-player-veryayev"
"SEV";"Северсталь";"Череповец";"ЦТР";"Иван";"Подшивалов";"Россия";"72";"5";"213";"двухсторонний";"2";"3";"";"";"";"severstal-player-podshivalov"
"SEV";"Северсталь";"Череповец";"ПНП";"Илья";"Квочко";"Россия";"72";"4";"50";"двухсторонний";"0,5";"0,5";"";"";"";"severstal-player-kvochko"
"SEV";"Северсталь";"Череповец";"ЗАЩ";"Тимофей";"Давыдов";"Россия";"72";"5";"189";"двухсторонний";"2";"3";"";"";"";"severstal-player-timofei-davydov"
"SEV";"Северсталь";"Череповец";"ЦТР";"Владислав";"Цицюра";"Россия";"71";"6";"213";"односторонний";"27";"";"";"";"";"severstal-player-tsitsyura"
"SEV";"Северсталь";"Череповец";"ПНП";"Илья";"Чефанов";"Россия";"71";"2";"55";"двухсторонний";"3";"3";"";"";"";"severstal-player-chefanov"
"SEV";"Северсталь";"Череповец";"ВРТ";"Константин";"Шостак";"Россия";"70";"5";"125";"двухсторонний";"5";"5";"";"";"";"goalie-player-konstantin-shostak"
"SEV";"Северсталь";"Череповец";"ЦТР";"Эмиль";"Пьянов";"Россия";"70";"3";"41";"двухсторонний";"0,5";"1";"";"";"";"severstal-player-emil-pyanov"
"SEV";"Северсталь";"Череповец";"ВРТ";"Всеволод";"Скотников";"Россия";"69";"3";"18";"двухсторонний";"1";"1";"1";"";"";"goalie-player-vsevolod-skotnikov"
"SEV";"Северсталь";"Череповец";"ПНП";"Илья";"Рейнгардт";"Россия";"69";"3";"104";"двухсторонний";"5";"";"";"";"";"severstal-player-reingardt"
"SEV";"Северсталь";"Череповец";"ЗАЩ";"Николай";"Буренов";"Россия";"69";"4";"178";"двухсторонний";"2";"2";"";"";"";"severstal-player-burenov"
"SEV";"Северсталь";"Череповец";"ЗАЩ";"Григорий";"Ващенко";"Россия";"68";"5";"108";"двухсторонний";"1";"";"";"";"";"severstal-player-vashchenko"
"SEV";"Северсталь";"Череповец";"ЗАЩ";"Артем";"Жуков";"Россия";"67";"3";"107";"двухсторонний";"6";"12";"";"";"";"severstal-player-zhukov"
"SEV";"Северсталь";"Череповец";"ЗАЩ";"Макар";"Фомин";"Россия";"67";"2";"50";"трехсторонний";"0,5";"1";"2";"";"";"severstal-player-fomin"
"SEV";"Северсталь";"Череповец";"ЛНП";"Даниил";"Казулаев";"Россия";"64";"1";"14";"трехсторонний";"0,5";"0,5";"0,5";"";"";"severstal-player-kazulayev"
"SEV";"Северсталь";"Череповец";"ПНП";"Иван";"Окунев";"Россия";"61";"1";"9";"трехсторонний";"0,5";"0,5";"0,5";"";"";"severstal-player-okunev"
"SIB";"Сибирь";"Новосибирск";"ЛНП";"Антон";"Косолапов";"Россия";"78";"3";"41";"односторонний";"7";"15";"25";"";"";"sib-player-kosolapov"
"SIB";"Сибирь";"Новосибирск";"ЗАЩ";"Егор";"Аланов";"Россия";"78";"8";"310";"односторонний";"20";"20";"";"";"";"sib-player-alanov"
"SIB";"Сибирь";"Новосибирск";"ПНП";"Тэйлор";"Бек";"Канада";"78";"10";"468";"односторонний";"35";"55";"";"";"";"sib-player-beck"
"SIB";"Сибирь";"Новосибирск";"ЗАЩ";"Иван";"Мищенко";"Россия";"77";"10";"494";"односторонний";"35";"";"";"";"";"amur-player-ivan-mischenko"
"SIB";"Сибирь";"Новосибирск";"ЦТР";"Евгений";"Кузнецов";"Россия";"76";"7";"272";"односторонний";"10";"";"";"";"";"31000000-0000-4000-8000-000000000012"
"SIB";"Сибирь";"Новосибирск";"ПНП";"Энди";"Андреофф";"Канада";"76";"4";"151";"односторонний";"30";"55";"";"";"";"sib-player-andreoff"
"SIB";"Сибирь";"Новосибирск";"ЦТР";"Андрей";"Локтионов";"Россия";"75";"12";"570";"односторонний";"14";"35";"";"";"";"sib-player-loktionov"
"SIB";"Сибирь";"Новосибирск";"ЗАЩ";"Максим";"Осипов";"Россия";"75";"13";"594";"односторонний";"35";"";"";"";"";"d6e7f8a9-b0c1-2d3e-4f5a-6b7c8d9e0f1a"
"SIB";"Сибирь";"Новосибирск";"ЦТР";"Михаил";"Абрамов";"Россия";"75";"3";"82";"односторонний";"16";"";"";"";"";"sib-player-mikhail-abramov"
"SIB";"Сибирь";"Новосибирск";"ЛНП";"Сергей";"Попов";"Россия";"75";"5";"240";"односторонний";"14";"";"";"";"";"sochi-player-sergei-popov"
"SIB";"Сибирь";"Новосибирск";"ЛНП";"Алексей";"Яковлев";"Россия";"74";"13";"355";"односторонний";"15";"15";"";"";"";"sib-player-alexei-yakovlev"
"SIB";"Сибирь";"Новосибирск";"ПНП";"Вячеслав";"Лещенко";"Россия";"74";"12";"543";"односторонний";"12";"";"";"";"";"sib-player-leshchenko"
"SIB";"Сибирь";"Новосибирск";"ЗАЩ";"Даррен";"Диц";"Канада";"74";"9";"454";"односторонний";"30";"";"";"";"";"4b000000-0000-4000-8000-000000000008"
"SIB";"Сибирь";"Новосибирск";"ЗАЩ";"Фёдор";"Гордеев";"Россия";"74";"4";"122";"односторонний";"20";"";"";"";"";"sib-player-gordeyev"
"SIB";"Сибирь";"Новосибирск";"ПНП";"Егор";"Коршков";"Россия";"73";"11";"494";"односторонний";"60";"";"";"";"";"d4e5f6a7-b8c9-4d0e-8f1a-2b3c4d5e6fc0"
"SIB";"Сибирь";"Новосибирск";"ЛНП";"Иван";"Воробьев";"Россия";"73";"4";"111";"двухсторонний";"1";"";"";"";"";"amur-player-ivan-vorobyov"
"SIB";"Сибирь";"Новосибирск";"ЛНП";"Илья";"Талалуев";"Россия";"73";"10";"306";"односторонний";"5";"10";"";"";"";"sib-player-talaluyev"
"SIB";"Сибирь";"Новосибирск";"ЛНП";"Илья";"Федотов";"Россия";"73";"7";"162";"односторонний";"6";"10";"";"";"";"sib-player-ilya-fedotov"
"SIB";"Сибирь";"Новосибирск";"ВРТ";"Михаил";"Бердин";"Россия";"73";"3";"123";"односторонний";"42";"42";"45";"";"";"goalie-player-mikhail-berdin"
"SIB";"Сибирь";"Новосибирск";"ЛНП";"Степан";"Никулин";"Россия";"73";"5";"205";"односторонний";"2";"";"";"";"";"lok-player-nikulin"
"SIB";"Сибирь";"Новосибирск";"ЗАЩ";"Андрей";"Чуркин";"Россия";"72";"6";"204";"односторонний";"17";"17";"";"";"";"sib-player-andrei-churkin"
"SIB";"Сибирь";"Новосибирск";"ЦТР";"Архип";"Неколенко";"Россия";"72";"11";"382";"односторонний";"35";"35";"";"";"";"sib-player-nekolenko"
"SIB";"Сибирь";"Новосибирск";"ЗАЩ";"Егор";"Зайцев";"Россия";"72";"10";"449";"односторонний";"13";"";"";"";"";"sib-player-yegor-zaitsev"
"SIB";"Сибирь";"Новосибирск";"ЛНП";"Максим";"Сушко";"Беларусь";"71";"6";"209";"односторонний";"4";"";"";"";"";"sib-player-sushko"
"SIB";"Сибирь";"Новосибирск";"ЗАЩ";"Михаил";"Орлов";"Россия";"71";"10";"446";"односторонний";"5";"5";"";"";"";"sib-player-mikhail-orlov"
"SIB";"Сибирь";"Новосибирск";"ВРТ";"Антон";"Красоткин";"Россия";"70";"9";"286";"односторонний";"42";"42";"42";"42";"";"goalie-player-anton-krasotkin"
"SIB";"Сибирь";"Новосибирск";"ЗАЩ";"Даниил";"Валитов";"Россия";"69";"7";"64";"двухсторонний";"1";"1";"";"";"";"sib-player-valitov"
"SIB";"Сибирь";"Новосибирск";"ПНП";"Александр";"Першаков";"Россия";"67";"3";"47";"трехсторонний";"0,5";"0,5";"0,5";"";"";"sib-player-pershakov"
"SIB";"Сибирь";"Новосибирск";"ЛНП";"Павел";"Ткаченко";"Россия";"67";"7";"100";"двухсторонний";"1";"1";"";"";"";"sib-player-tkachenko"
"SIB";"Сибирь";"Новосибирск";"ЗАЩ";"Никита";"Баклашев";"Россия";"65";"3";"74";"двухсторонний";"0,5";"0,5";"0,5";"";"";"sib-player-baklashyov"
"BAR";"Барыс";"Астана";"ЗАЩ";"Райли";"Уолш";"США";"77";"1";"68";"односторонний";"37";"45";"";"";"";"barys-player-walsh"
"BAR";"Барыс";"Астана";"ЗАЩ";"Чейз";"Приски";"США";"77";"1";"50";"односторонний";"47";"";"";"";"";"sib-player-priskie"
"BAR";"Барыс";"Астана";"ЦТР";"Тайс";"Томпсон";"США";"76";"1";"57";"односторонний";"30";"33";"";"";"";"barys-player-tyce-thompson"
"BAR";"Барыс";"Астана";"ЦТР";"Аркадий";"Шестаков";"Казахстан";"75";"8";"398";"односторонний";"36";"36";"";"";"";"admiral-player-shestakov"
"BAR";"Барыс";"Астана";"ЗАЩ";"Джейк";"Масси";"Канада";"75";"1";"67";"односторонний";"40";"45";"45";"";"";"barys-player-massie"
"BAR";"Барыс";"Астана";"ЛНП";"Кирилл";"Панюков";"Казахстан";"74";"9";"353";"односторонний";"20";"20";"";"";"";"barys-player-panyukov"
"BAR";"Барыс";"Астана";"ЗАЩ";"Логан";"Дэй";"США";"74";"2";"72";"односторонний";"40";"";"";"";"";"b5c6d7e8-f9a0-4b1c-8d2e-3f4a5b6c7d50"
"BAR";"Барыс";"Астана";"ЦТР";"Мэйсон";"Морелли";"США";"74";"1";"63";"односторонний";"30";"";"";"";"";"barys-player-morelli"
"BAR";"Барыс";"Астана";"ПНП";"Алихан";"Асетов";"Казахстан";"73";"9";"344";"односторонний";"20";"";"";"";"";"barys-player-asetov"
"BAR";"Барыс";"Астана";"ЦТР";"Всеволод";"Логвин";"Казахстан";"73";"3";"121";"двухсторонний";"1";"3";"6";"";"";"barys-player-logvin"
"BAR";"Барыс";"Астана";"ЛНП";"Динмухамед";"Кайыржан";"Казахстан";"73";"5";"202";"односторонний";"1";"2";"2";"";"";"barys-player-kaiyrzhan"
"BAR";"Барыс";"Астана";"ЛНП";"Кирилл";"Савицкий";"Казахстан";"72";"5";"253";"односторонний";"4";"";"";"";"";"barys-player-savitsky"
"BAR";"Барыс";"Астана";"ЛНП";"Макс";"Уиллман";"США";"72";"1";"44";"односторонний";"25";"";"";"";"";"barys-player-willman"
"BAR";"Барыс";"Астана";"ПНП";"Семен";"Симонов";"Казахстан";"72";"2";"87";"двухсторонний";"1";"2";"3";"";"";"barys-player-semyon-simonov"
"BAR";"Барыс";"Астана";"ЗАЩ";"Адиль";"Бекетаев";"Казахстан";"71";"5";"251";"односторонний";"10";"12";"";"";"";"barys-player-beketayev"
"BAR";"Барыс";"Астана";"ПНП";"Батырлан";"Муратов";"Казахстан";"71";"6";"115";"двухсторонний";"0,5";"";"";"";"";"barys-player-muratov"
"BAR";"Барыс";"Астана";"ЗАЩ";"Иэн";"Маккошен";"США";"71";"2";"127";"односторонний";"30";"";"";"";"";"barys-player-mccoshen"
"BAR";"Барыс";"Астана";"ЗАЩ";"Самат";"Данияр";"Казахстан";"70";"7";"283";"односторонний";"5";"5";"5";"";"";"barys-player-daniyar"
"BAR";"Барыс";"Астана";"ЦТР";"Алихан";"Омирбеков";"Казахстан";"69";"3";"179";"односторонний";"4";"4";"4";"";"";"barys-player-omirbekov"
"BAR";"Барыс";"Астана";"ПНП";"Кирилл";"Ляпунов";"Казахстан";"68";"2";"37";"двухсторонний";"1";"2";"";"";"";"barys-player-lyapunov"
"BAR";"Барыс";"Астана";"ЦТР";"Ансар";"Шайхмедденов";"Казахстан";"67";"4";"75";"односторонний";"2";"4";"";"";"";"barys-player-shaikhmeddenov"
"BAR";"Барыс";"Астана";"ЗАЩ";"Тамирлан";"Гайтамиров";"Казахстан";"66";"5";"167";"двухсторонний";"0,5";"0,5";"0,5";"";"";"barys-player-gaitamirov"
"BAR";"Барыс";"Астана";"ЗАЩ";"Артем";"Королев";"Казахстан";"65";"3";"76";"двухсторонний";"0,5";"0,5";"";"";"";"barys-player-artyom-korolyov"
"BAR";"Барыс";"Астана";"ВРТ";"Андрей";"Шутов";"Казахстан";"64";"5";"93";"односторонний";"25";"33";"";"";"";"goalie-player-andrey-shutov"
"BAR";"Барыс";"Астана";"ЗАЩ";"Бейбарыс";"Оразов";"Казахстан";"61";"2";"67";"двухсторонний";"0,5";"0,5";"1";"";"";"barys-player-orazov"
"BAR";"Барыс";"Астана";"ПНП";"Тимур";"Миндубаев";"Казахстан";"60";"1";"4";"трехсторонний";"0,5";"0,5";"";"";"";"barys-player-mindubayev"
"SPM";"Спартак";"Москва";"ЗАЩ";"Андрей";"Миронов";"Россия";"80";"13";"652";"односторонний";"40";"40";"40";"";"";"spartak-player-andrei-mironov"
"SPM";"Спартак";"Москва";"ЛНП";"Даниил";"Гутик";"Россия";"80";"5";"222";"односторонний";"9";"";"";"";"";"spartak-player-gutik"
"SPM";"Спартак";"Москва";"ЛНП";"Максим";"Комтуа";"Канада";"79";"2";"116";"односторонний";"70";"";"";"";"";"39000000-0000-4000-8000-000000000010"
"SPM";"Спартак";"Москва";"ПНП";"Павел";"Порядин";"Россия";"79";"11";"530";"односторонний";"45";"45";"45";"";"";"spartak-player-poryadin"
"SPM";"Спартак";"Москва";"ЦТР";"Иван";"Морозов";"Россия";"78";"8";"250";"односторонний";"18";"";"";"";"";"spartak-player-ivan-morozov"
"SPM";"Спартак";"Москва";"ВРТ";"Иван";"Федотов";"Россия";"78";"6";"133";"односторонний";"20";"20";"20";"";"";"goalie-player-ivan-fedotov"
"SPM";"Спартак";"Москва";"ЦТР";"Михаил";"Мальцев";"Россия";"78";"6";"183";"односторонний";"40";"40";"";"";"";"spartak-player-maltsev"
"SPM";"Спартак";"Москва";"ЗАЩ";"Даниил";"Орлов";"Россия";"77";"4";"192";"двухсторонний";"4";"";"";"";"";"spartak-player-daniil-orlov"
"SPM";"Спартак";"Москва";"ЗАЩ";"Джозеф";"Кин";"США";"77";"3";"162";"односторонний";"25";"25";"";"";"";"spartak-player-keane"
"SPM";"Спартак";"Москва";"ЛНП";"Никита";"Коростелев";"Россия";"77";"7";"326";"односторонний";"40";"40";"";"";"";"spartak-player-korostelyov"
"SPM";"Спартак";"Москва";"ЦТР";"Александр";"Гальченюк";"Россия";"76";"4";"172";"односторонний";"90";"";"";"";"";"amur-player-galchenyuk"
"SPM";"Спартак";"Москва";"ЗАЩ";"Дмитрий";"Вишневский";"Россия";"76";"18";"764";"односторонний";"20";"";"";"";"";"spartak-player-vishnevsky"
"SPM";"Спартак";"Москва";"ПНП";"Александр";"Беляев";"Россия";"75";"4";"172";"двухсторонний";"3";"3";"";"";"";"spartak-player-belyayev"
"SPM";"Спартак";"Москва";"ПНП";"Александр";"Пашин";"Россия";"75";"5";"173";"двухсторонний";"11";"13";"";"";"";"spartak-player-pashin"
"SPM";"Спартак";"Москва";"ЛНП";"Брэндон";"Биро";"Канада";"75";"1";"42";"односторонний";"14";"";"";"";"";"spartak-player-biro"
"SPM";"Спартак";"Москва";"ЦТР";"Герман";"Рубцов";"Россия";"75";"6";"244";"односторонний";"15";"16";"";"";"";"spartak-player-rubtsov"
"SPM";"Спартак";"Москва";"ПНП";"Евгений";"Свечников";"Россия";"75";"5";"125";"односторонний";"40";"";"";"";"";"amur-player-yevgeni-svechnikov"
"SPM";"Спартак";"Москва";"ЗАЩ";"Кристиан";"Ярош";"Словакия";"75";"4";"173";"односторонний";"30";"35";"35";"";"";"spartak-player-jaros"
"SPM";"Спартак";"Москва";"ЦТР";"Лукас";"Локхарт";"Канада";"74";"9";"503";"односторонний";"30";"30";"";"";"";"spartak-player-lockhart"
"SPM";"Спартак";"Москва";"ЛНП";"Данил";"Пивчулин";"Россия";"73";"2";"76";"двухсторонний";"1";"2";"";"";"";"spartak-player-pivchulin"
"SPM";"Спартак";"Москва";"ЦТР";"Игнат";"Коротких";"Россия";"73";"6";"141";"двухсторонний";"2";"";"";"";"";"spartak-player-korotkikh"
"SPM";"Спартак";"Москва";"ПНП";"Егор";"Филин";"Россия";"72";"3";"132";"двухсторонний";"2";"2";"";"";"";"spartak-player-filin"
"SPM";"Спартак";"Москва";"ЗАЩ";"Артемий";"Князев";"Россия";"71";"3";"91";"односторонний";"9";"";"";"";"";"spartak-player-knyazev"
"SPM";"Спартак";"Москва";"ЦТР";"Никита";"Холодилин";"Россия";"70";"5";"129";"двухсторонний";"0,5";"0,5";"0,5";"";"";"spartak-player-kholodilin"
"SPM";"Спартак";"Москва";"ВРТ";"Артем";"Загидулин";"Россия";"69";"7";"143";"односторонний";"20";"20";"";"";"";"goalie-player-artem-zagidulin"
"SPM";"Спартак";"Москва";"ЗАЩ";"Вениамин";"Королев";"Россия";"69";"2";"78";"двухсторонний";"2";"4";"";"";"";"spartak-player-korolyov"
"SPM";"Спартак";"Москва";"ЛНП";"Максим";"Филимонов";"Россия";"68";"1";"2";"трехсторонний";"0,5";"0,5";"1";"";"";"spartak-player-filimonov"
"SPM";"Спартак";"Москва";"ЗАЩ";"Роман";"Бычков";"Россия";"68";"5";"90";"двухсторонний";"6";"";"";"";"";"spartak-player-bychkov"
"SPM";"Спартак";"Москва";"ЦТР";"Евгений";"Якунин";"Россия";"67";"0";"0";"трехсторонний";"0,5";"0,5";"2";"3";"";"spartak-player-yakunin"
"SPM";"Спартак";"Москва";"ЗАЩ";"Никита";"Тюрин";"Россия";"67";"2";"8";"трехсторонний";"0,5";"0,5";"2";"3";"";"spartak-player-tyurin"
"SPM";"Спартак";"Москва";"ЛНП";"Федор";"Аврамов";"Россия";"67";"3";"55";"двухсторонний";"0,5";"";"";"";"";"sochi-player-fyodor-avramov"
"SPM";"Спартак";"Москва";"ВРТ";"Ярослав";"Кузьменко";"Россия";"67";"1";"2";"двухсторонний";"0,5";"0,5";"0,5";"";"";"goalie-player-yaroslav-kuzmenko"
"SPM";"Спартак";"Москва";"ЛНП";"Данила";"Сысоев";"Россия";"66";"0";"0";"трехсторонний";"0,5";"0,5";"1";"";"";"spartak-player-danila-sysoyev"
"SPM";"Спартак";"Москва";"ВРТ";"Евгений";"Волохин";"Россия";"66";"2";"33";"двухсторонний";"0,5";"0,5";"0,5";"";"";"goalie-player-evgeny-volokhin"
"SPM";"Спартак";"Москва";"ПНП";"Жоэ Кристоф";"Муиссу";"Россия";"66";"2";"18";"трехсторонний";"0,5";"";"";"";"";"neftekhimik-player-muissu"
"SPM";"Спартак";"Москва";"ЛНП";"Александр";"Плесовских";"Россия";"64";"1";"3";"трехсторонний";"0,5";"0,5";"1";"";"";"spartak-player-plesovskikh"
"SHD";"Шанхайские Драконы";"Шанхай";"ЗАЩ";"Бреннан";"Менелл";"Россия";"78";"6";"258";"односторонний";"55";"";"";"";"";"ska-player-menell"
"SHD";"Шанхайские Драконы";"Шанхай";"ПНП";"Дмитрий";"Яшкин";"Россия";"78";"6";"338";"односторонний";"95";"";"";"";"";"35000000-0000-4000-8000-000000000022"
"SHD";"Шанхайские Драконы";"Шанхай";"ПНП";"Мартин";"Фрк";"Чехия";"78";"0";"0";"односторонний";"60";"60";"60";"";"";"dragons-player-martin-frk"
"SHD";"Шанхайские Драконы";"Шанхай";"ЗАЩ";"Ник";"Чичек";"Канада";"77";"0";"0";"односторонний";"30";"30";"";"";"";"dragons-player-cicek"
"SHD";"Шанхайские Драконы";"Шанхай";"ЦТР";"Николас";"Петан";"Канада";"77";"1";"47";"односторонний";"55";"55";"";"";"";"dragons-player-nicolas-petan"
"SHD";"Шанхайские Драконы";"Шанхай";"ЛНП";"Бретт";"Мюррэй";"Канада";"76";"0";"0";"односторонний";"45";"45";"";"";"";"dragons-player-brett-murray"
"SHD";"Шанхайские Драконы";"Шанхай";"ЛНП";"Михаил";"Котляревский";"Россия";"76";"9";"297";"односторонний";"15";"";"";"";"";"a7b8c9d0-e1f2-4a3b-8c4d-5e6f7a8b9c0f"
"SHD";"Шанхайские Драконы";"Шанхай";"ЛНП";"Никита";"Попугаев";"Россия";"76";"7";"242";"односторонний";"40";"40";"";"";"";"dragons-player-nikita-popugayev"
"SHD";"Шанхайские Драконы";"Шанхай";"ПНП";"Семён";"Кошелев";"Россия";"76";"11";"518";"односторонний";"24";"";"";"";"";"sib-player-koshelev"
"SHD";"Шанхайские Драконы";"Шанхай";"ПНП";"Владислав";"Барулин";"Россия";"75";"5";"216";"односторонний";"25";"";"";"";"";"neftekhimik-player-vladislav-barulin"
"SHD";"Шанхайские Драконы";"Шанхай";"ПНП";"Павел";"Акользин";"Россия";"75";"10";"473";"односторонний";"20";"20";"";"";"";"dragons-player-akolzin"
"SHD";"Шанхайские Драконы";"Шанхай";"ЗАЩ";"Павел";"Коледов";"Россия";"75";"14";"636";"односторонний";"26";"";"";"";"";"ska-player-koledov"
"SHD";"Шанхайские Драконы";"Шанхай";"ЛНП";"Владимир";"Кузнецов";"Россия";"74";"7";"155";"односторонний";"20";"20";"";"";"";"dragons-player-vladimir-kuznetsov"
"SHD";"Шанхайские Драконы";"Шанхай";"ЦТР";"Райли";"Саттер";"Канада";"74";"1";"52";"односторонний";"25";"25";"";"";"";"dragons-player-riley-sutter"
"SHD";"Шанхайские Драконы";"Шанхай";"ПНП";"Дживани";"Смит";"Канада";"73";"0";"0";"односторонний";"25";"25";"";"";"";"dragons-player-givani-smith"
"SHD";"Шанхайские Драконы";"Шанхай";"ЗАЩ";"Михаил";"Науменков";"Россия";"73";"13";"618";"односторонний";"37";"";"";"";"";"5b000000-0000-4000-8000-000000000015"
"SHD";"Шанхайские Драконы";"Шанхай";"ЗАЩ";"Сергей";"Бойков";"Россия";"73";"7";"231";"односторонний";"15";"";"";"";"";"5b000000-0000-4000-8000-000000000004"
"SHD";"Шанхайские Драконы";"Шанхай";"ПНП";"Степан";"Хрипунов";"Россия";"73";"11";"428";"односторонний";"15";"";"";"";"";"a2b3c4d5-e6f7-4a8b-9c0d-1e2f3a4b5c6d"
"SHD";"Шанхайские Драконы";"Шанхай";"ПНП";"Тахир";"Мингачев";"Россия";"73";"6";"236";"двухсторонний";"12";"12";"";"";"";"37000000-0000-4000-8000-000000000012"
"SHD";"Шанхайские Драконы";"Шанхай";"ЗАЩ";"Тёрнер";"Оттенбрайт";"Канада";"73";"1";"64";"односторонний";"25";"25";"";"";"";"dragons-player-ottenbreit"
"SHD";"Шанхайские Драконы";"Шанхай";"ВРТ";"Патрик";"Рибар";"Словакия";"72";"5";"157";"односторонний";"40";"40";"";"";"";"goalie-player-patrik-rybar"
"SHD";"Шанхайские Драконы";"Шанхай";"ЗАЩ";"Жереми";"Гроло";"Канада";"71";"1";"1";"односторонний";"15";"15";"";"";"";"dragons-player-groleau"
"SHD";"Шанхайские Драконы";"Шанхай";"ВРТ";"Павел";"Хомченко";"Россия";"70";"7";"148";"односторонний";"30";"30";"";"";"";"goalie-player-pavel-khomchenko"
"SHD";"Шанхайские Драконы";"Шанхай";"ПНП";"Артём";"Чернов";"Россия";"62";"2";"65";"двухсторонний";"2";"";"";"";"";"39000000-0000-4000-8000-000000000023"
"SHD";"Шанхайские Драконы";"Шанхай";"ЦТР";"Дэвид";"Чен";"США";"61";"0";"0";"односторонний";"2";"2";"";"";"";"dragons-player-david-chen"
"SKA";"СКА";"Санкт-Петербург";"ПНП";"Николай";"Голдобин";"Россия";"79";"6";"328";"односторонний";"35";"40";"45";"";"";"ska-player-goldobin"
"SKA";"СКА";"Санкт-Петербург";"ПНП";"Сергей";"Плотников";"Россия";"79";"16";"855";"односторонний";"55";"60";"60";"";"";"ska-player-plotnikov"
"SKA";"СКА";"Санкт-Петербург";"ЗАЩ";"Тревор";"Мерфи";"Канада";"79";"8";"312";"односторонний";"75";"75";"";"";"";"ska-player-murphy"
"SKA";"СКА";"Санкт-Петербург";"ЗАЩ";"Даниил";"Мироманов";"Россия";"78";"2";"73";"односторонний";"35";"35";"45";"";"";"added-player-miromanov"
"SKA";"СКА";"Санкт-Петербург";"ЦТР";"Данил";"Аймурзин";"Россия";"78";"6";"218";"односторонний";"23";"";"";"";"";"severstal-player-aimurzin"
"SKA";"СКА";"Санкт-Петербург";"ЦТР";"Валентин";"Зыков";"Россия";"77";"5";"233";"односторонний";"35";"45";"";"";"";"ska-player-zykov"
"SKA";"СКА";"Санкт-Петербург";"ЗАЩ";"Егор";"Савиков";"Россия";"77";"6";"227";"односторонний";"10";"15";"17";"";"";"ska-player-savikov"
"SKA";"СКА";"Санкт-Петербург";"ЦТР";"Захар";"Бардаков";"Россия";"77";"5";"209";"односторонний";"50";"50";"";"";"";"external-rights-bardakov"
"SKA";"СКА";"Санкт-Петербург";"ЦТР";"Матвей";"Короткий";"Россия";"77";"2";"73";"двухсторонний";"5";"10";"";"";"";"ska-player-korotky"
"SKA";"СКА";"Санкт-Петербург";"ЗАЩ";"Никита";"Зайцев";"Россия";"77";"10";"393";"односторонний";"75";"75";"75";"";"";"ska-player-zaitsev"
"SKA";"СКА";"Санкт-Петербург";"ЗАЩ";"Алексей";"Маклюков";"Россия";"76";"10";"527";"односторонний";"40";"40";"";"";"";"33000000-0000-4000-8000-000000000009"
"SKA";"СКА";"Санкт-Петербург";"ВРТ";"Артемий";"Плешков";"Россия";"76";"4";"80";"двухсторонний";"5";"5";"";"";"";"goalie-player-artemy-pleshkov"
"SKA";"СКА";"Санкт-Петербург";"ПНП";"Василий";"Атанасов";"Россия";"76";"4";"199";"односторонний";"25";"";"";"";"";"5b000000-0000-4000-8000-000000000002"
"SKA";"СКА";"Санкт-Петербург";"ЛНП";"Василий";"Глотов";"Россия";"76";"7";"320";"односторонний";"70";"";"";"";"";"f6a7b8c9-d0e1-4f2a-8b3c-4d5e6f7a8bf0"
"SKA";"СКА";"Санкт-Петербург";"ПНП";"Николай";"Чебыкин";"Россия";"76";"8";"276";"односторонний";"5";"";"";"";"";"severstal-player-chebykin"
"SKA";"СКА";"Санкт-Петербург";"ЛНП";"Рокко";"Гримальди";"США";"76";"1";"66";"односторонний";"92";"92";"";"";"";"ska-player-grimaldi"
"SKA";"СКА";"Санкт-Петербург";"ПНП";"Скотт";"Уилсон";"Канада";"76";"4";"227";"односторонний";"25";"60";"";"";"";"ska-player-wilson"
"SKA";"СКА";"Санкт-Петербург";"ЗАЩ";"Андрей";"Педан";"Россия";"75";"9";"327";"односторонний";"40";"";"";"";"";"ska-player-pedan"
"SKA";"СКА";"Санкт-Петербург";"ЦТР";"Джозеф";"Бландизи";"Канада";"75";"1";"62";"односторонний";"40";"50";"";"";"";"ska-player-blandisi"
"SKA";"СКА";"Санкт-Петербург";"ПНП";"Никита";"Дишковский";"Россия";"75";"1";"66";"двухсторонний";"1";"";"";"";"";"ska-player-dishkovsky"
"SKA";"СКА";"Санкт-Петербург";"ЗАЩ";"Сергей";"Сапего";"Беларусь";"75";"6";"255";"односторонний";"50";"50";"";"";"";"ska-player-sapego"
"SKA";"СКА";"Санкт-Петербург";"ЗАЩ";"Владислав";"Семин";"Россия";"72";"8";"249";"односторонний";"17";"37";"37";"";"";"lada-player-vladislav-syomin"
"SKA";"СКА";"Санкт-Петербург";"ЦТР";"Игорь";"Ларионов";"Россия";"72";"5";"140";"односторонний";"30";"";"";"";"";"ska-player-larionov"
"SKA";"СКА";"Санкт-Петербург";"ЗАЩ";"Маркус";"Филлипс";"Канада";"72";"2";"125";"односторонний";"18";"";"";"";"";"ska-player-phillips"
"SKA";"СКА";"Санкт-Петербург";"ЛНП";"Игнат";"Лутфуллин";"Россия";"70";"1";"19";"двухсторонний";"1";"1";"";"";"";"ska-player-lutfullin"
"SKA";"СКА";"Санкт-Петербург";"ЦТР";"Никита";"Недопекин";"Россия";"70";"1";"50";"двухсторонний";"0,5";"0,5";"";"";"";"ska-player-nedopyokin"
"SKA";"СКА";"Санкт-Петербург";"ПНП";"Макар";"Ханин";"Россия";"65";"1";"4";"двухсторонний";"0,5";"";"";"";"";"ska-player-khanin"
"SCH";"Сочи";"Сочи";"ЗАЩ";"Джесси";"Грэм";"Канада";"77";"4";"186";"односторонний";"30";"30";"";"";"";"sochi-player-graham"
"SCH";"Сочи";"Сочи";"ЗАЩ";"Кэмерон";"Ли";"Россия";"76";"5";"199";"односторонний";"25";"28";"";"";"";"sochi-player-cameron-lee"
"SCH";"Сочи";"Сочи";"ЦТР";"Матвей";"Гуськов";"Россия";"76";"7";"194";"односторонний";"27";"33";"";"";"";"sochi-player-matvei-guskov"
"SCH";"Сочи";"Сочи";"ЛНП";"Александр";"Хохлачев";"Россия";"75";"11";"539";"односторонний";"5";"";"";"";"";"31000000-0000-4000-8000-000000000020"
"SCH";"Сочи";"Сочи";"ПНП";"Егор";"Петухов";"Россия";"75";"9";"425";"односторонний";"22";"28";"";"";"";"sochi-player-yegor-petukhov"
"SCH";"Сочи";"Сочи";"ПНП";"Макс";"Эллис";"США";"75";"1";"52";"односторонний";"26";"";"";"";"";"sochi-player-max-ellis"
"SCH";"Сочи";"Сочи";"ПНП";"Павел";"Дедунов";"Россия";"75";"16";"620";"односторонний";"25";"";"";"";"";"sochi-player-dedunov"
"SCH";"Сочи";"Сочи";"ЦТР";"Тимур";"Хафизов";"Россия";"75";"9";"324";"односторонний";"25";"30";"";"";"";"sochi-player-khafizov"
"SCH";"Сочи";"Сочи";"ЦТР";"Артур";"Гиздатуллин";"Россия";"74";"10";"278";"односторонний";"12";"";"";"";"";"amur-player-gizdatullin"
"SCH";"Сочи";"Сочи";"ПНП";"Данил";"Башкиров";"Россия";"74";"8";"303";"односторонний";"22";"25";"";"";"";"sochi-player-bashkirov"
"SCH";"Сочи";"Сочи";"ЛНП";"Дмитрий";"Кагарлицкий";"Россия";"74";"18";"787";"односторонний";"12";"20";"20";"";"";"sochi-player-kagarlitsky"
"SCH";"Сочи";"Сочи";"ЗАЩ";"Тимур";"Ахияров";"Россия";"74";"8";"235";"односторонний";"13";"";"";"";"";"sib-player-akhiyarov"
"SCH";"Сочи";"Сочи";"ЛНП";"Денис";"Венгрыжановский";"Россия";"73";"7";"190";"односторонний";"7";"";"";"";"";"sochi-player-vengryzhanovsky"
"SCH";"Сочи";"Сочи";"ЦТР";"Рафаэль";"Бикмуллин";"Россия";"73";"10";"329";"односторонний";"15";"";"";"";"";"sochi-player-bikmullin"
"SCH";"Сочи";"Сочи";"ЗАЩ";"Артем";"Волков";"Россия";"72";"12";"520";"односторонний";"22";"";"";"";"";"sochi-player-artyom-volkov"
"SCH";"Сочи";"Сочи";"ПНП";"Кирилл";"Воронин";"Россия";"72";"11";"565";"односторонний";"11";"";"";"";"";"4b000000-0000-4000-8000-000000000004"
"SCH";"Сочи";"Сочи";"ПНП";"Кирилл";"Слепец";"Россия";"72";"8";"241";"односторонний";"10";"";"";"";"";"amur-player-slepets"
"SCH";"Сочи";"Сочи";"ЗАЩ";"Илья";"Николаев";"Россия";"71";"7";"190";"односторонний";"9";"10";"10";"";"";"sochi-player-nikolayev"
"SCH";"Сочи";"Сочи";"ПНП";"Николай";"Поляков";"Россия";"71";"6";"133";"двухсторонний";"2";"2";"";"";"";"sochi-player-nikolai-polyakov"
"SCH";"Сочи";"Сочи";"ЗАЩ";"Виктор";"Балдаев";"Россия";"70";"12";"373";"односторонний";"15";"";"";"";"";"amur-player-baldayev"
"SCH";"Сочи";"Сочи";"ЗАЩ";"Илья";"Хохлов";"Россия";"70";"12";"487";"односторонний";"4";"";"";"";"";"sochi-player-khokhlov"
"SCH";"Сочи";"Сочи";"ЦТР";"Никита";"Гуслистов";"Россия";"70";"6";"153";"двухсторонний";"2";"";"";"";"";"sochi-player-nikita-guslistov"
"SCH";"Сочи";"Сочи";"ВРТ";"Дамир";"Шаймарданов";"Россия";"69";"2";"28";"двухсторонний";"0,5";"0,5";"";"";"";"goalie-player-damir-shaimardanov"
"SCH";"Сочи";"Сочи";"ЗАЩ";"Данил";"Мокрушев";"Россия";"69";"2";"72";"двухсторонний";"10";"";"";"";"";"sochi-player-mokrushev"
"SCH";"Сочи";"Сочи";"ЗАЩ";"Антон";"Малышев";"Россия";"68";"6";"182";"односторонний";"5";"";"";"";"";"sochi-player-anton-malyshev"
"SCH";"Сочи";"Сочи";"ВРТ";"Иван";"Бочаров";"Россия";"68";"10";"298";"односторонний";"30";"30";"";"";"";"goalie-player-ivan-bocharov"
"SCH";"Сочи";"Сочи";"ВРТ";"Алексей";"Щетилин";"Россия";"67";"1";"16";"двухсторонний";"0,5";"0,5";"";"";"";"goalie-player-alexei-shchetilin"
"SCH";"Сочи";"Сочи";"ЗАЩ";"Илья";"Сушко";"Беларусь";"65";"4";"83";"двухсторонний";"2";"2";"";"";"";"sochi-player-ilya-sushko"
"SCH";"Сочи";"Сочи";"ЗАЩ";"Всеволод";"Цевелев";"Россия";"61";"1";"3";"трехсторонний";"0,5";"0,5";"0,5";"";"";"sochi-player-tsevelyov"
"TRK";"Трактор";"Челябинск";"ЗАЩ";"Григорий";"Дронов";"Россия";"79";"10";"386";"односторонний";"55";"70";"70";"";"";"e2f3a4b5-c6d7-4e8f-8a9b-0c1d2e3f4a90"
"TRK";"Трактор";"Челябинск";"ЦТР";"Михаил";"Григоренко";"Россия";"78";"8";"422";"односторонний";"70";"";"";"";"";"b2c3d4e5-f6a7-4b8c-8d9e-0f1a2b3c4d80"
"TRK";"Трактор";"Челябинск";"ЦТР";"Андрей";"Светлаков";"Россия";"77";"11";"504";"односторонний";"62";"";"";"";"";"b4c5d6e7-f8a9-4b0c-8d1e-2f3a4b5c6dc0"
"TRK";"Трактор";"Челябинск";"ПНП";"Никита";"Сошников";"Россия";"77";"10";"424";"односторонний";"27";"40";"";"";"";"admiral-player-soshnikov"
"TRK";"Трактор";"Челябинск";"ПНП";"Виталий";"Кравцов";"Россия";"76";"9";"315";"односторонний";"30";"75";"85";"";"";"e5f6a7b8-c9d0-4e1f-8a2b-3c4d5e6f7ae0"
"TRK";"Трактор";"Челябинск";"ЛНП";"Максим";"Джиошвили";"Россия";"76";"6";"234";"односторонний";"20";"35";"";"";"";"b8c9d0e1-f2a3-4b5c-8d6e-7f8a9b0c1d30"
"TRK";"Трактор";"Челябинск";"ЗАЩ";"Сергей";"Телегин";"Россия";"74";"6";"316";"односторонний";"50";"50";"";"";"";"c6d7e8f9-a0b1-4c2d-8e3f-4a5b6c7d8e70"
"TRK";"Трактор";"Челябинск";"ВРТ";"Хенрик";"Хейкеланн";"NO";"74";"0";"0";"односторонний";"55";"55";"55";"";"";"goalie-player-henrik-haukeland"
"TRK";"Трактор";"Челябинск";"ВРТ";"Дмитрий";"Николаев";"Россия";"73";"5";"133";"односторонний";"35";"35";"35";"";"";"goalie-player-dmitry-nikolaev"
"TRK";"Трактор";"Челябинск";"ЗАЩ";"Андрей";"Прибыльский";"Россия";"71";"8";"175";"односторонний";"8";"9";"";"";"";"d7e8f9a0-b1c2-4d3e-8f4a-5b6c7d8e9f90"
"TRK";"Трактор";"Челябинск";"ПНП";"Артемий";"Низамеев";"Россия";"71";"1";"14";"трехсторонний";"1";"";"";"";"";"d0e1f2a3-b4c5-4d6e-8f7a-0b1c2d3e4f70"
"TRK";"Трактор";"Челябинск";"ПНП";"Владимир";"Жарков";"Россия";"71";"14";"662";"односторонний";"25";"";"";"";"";"c9d0e1f2-a3b4-4c5d-8e7f-9a0b1c2d3e50"
"TRK";"Трактор";"Челябинск";"ВРТ";"Савелий";"Шерстнев";"Россия";"70";"1";"12";"двухсторонний";"0,5";"";"";"";"";"goalie-player-savely-sherstnev"
"TRK";"Трактор";"Челябинск";"ЗАЩ";"Иван";"Выдренков";"Россия";"69";"4";"61";"двухсторонний";"2";"2";"";"";"";"ska-player-vydrenkov"
"TRK";"Трактор";"Челябинск";"ПНП";"Александр";"Рыков";"Россия";"66";"4";"100";"трехсторонний";"5";"";"";"";"";"a3b4c5d6-e7f8-4a9b-8c0d-1e2f3a4b5cb0"
"TRK";"Трактор";"Челябинск";"ЛНП";"Михаил";"Горюнов-Рольгизер";"Россия";"65";"6";"144";"двухсторонний";"5";"";"";"";"";"a7b8c9d0-e1f2-4a3b-8c4d-5e6f7a8b9c10"
"TRK";"Трактор";"Челябинск";"ЗАЩ";"Ярослав";"Федосеев";"Россия";"65";"1";"6";"трехсторонний";"0,5";"0,5";"";"";"";"e8f9a0b1-c2d3-4e4f-8a5b-6c7d8e9f0a20"
"TRK";"Трактор";"Челябинск";"ЗАЩ";"Доминик";"Миканович";"Беларусь";"61";"2";"9";"трехсторонний";"0,5";"0,5";"";"";"";"f9a0b1c2-d3e4-4f5a-8b6c-7d8e9f0a1b40"
"TRK";"Трактор";"Челябинск";"ПНП";"Алексей";"Рыкманов";"Россия";"60";"2";"31";"двухсторонний";"1";"";"";"";"";"f2a3b4c5-d6e7-4f8a-8b9c-0d1e2f3a4ba0"
"MMG";"Металлург";"Магнитогорск";"ЗАЩ";"Валерий";"Орехов";"Казахстан";"79";"9";"399";"односторонний";"37";"40";"";"";"";"33000000-0000-4000-8000-000000000013"
"MMG";"Металлург";"Магнитогорск";"ЛНП";"Владимир";"Ткачев";"Россия";"78";"11";"432";"односторонний";"65";"90";"";"";"";"33000000-0000-4000-8000-000000000019"
"MMG";"Металлург";"Магнитогорск";"ПНП";"Дмитрий";"Силантьев";"Россия";"78";"3";"150";"односторонний";"25";"30";"";"";"";"33000000-0000-4000-8000-000000000017"
"MMG";"Металлург";"Магнитогорск";"ЗАЩ";"Владислав";"Провольнев";"Россия";"77";"11";"472";"односторонний";"30";"55";"55";"";"";"37000000-0000-4000-8000-000000000026"
"MMG";"Металлург";"Магнитогорск";"ЗАЩ";"Егор";"Яковлев";"Россия";"76";"14";"702";"односторонний";"65";"65";"";"";"";"33000000-0000-4000-8000-000000000023"
"MMG";"Металлург";"Магнитогорск";"ЛНП";"Никита";"Михайлис";"Казахстан";"76";"12";"554";"односторонний";"55";"60";"";"";"";"33000000-0000-4000-8000-000000000011"
"MMG";"Металлург";"Магнитогорск";"ПНП";"Нэйтан";"Тодд";"Канада";"76";"2";"120";"односторонний";"18";"";"";"";"";"35000000-0000-4000-8000-000000000018"
"MMG";"Металлург";"Магнитогорск";"ПНП";"Степан";"Старков";"Россия";"76";"10";"350";"односторонний";"45";"";"";"";"";"admiral-player-starkov"
"MMG";"Металлург";"Магнитогорск";"ВРТ";"Александр";"Смолин";"Россия";"75";"3";"65";"односторонний";"6";"20";"";"";"";"goalie-player-alexander-smolin"
"MMG";"Металлург";"Магнитогорск";"ЦТР";"Люк";"Джонсон";"США";"75";"3";"155";"односторонний";"55";"60";"";"";"";"33000000-0000-4000-8000-000000000003"
"MMG";"Металлург";"Магнитогорск";"ЛНП";"Даниил";"Вовченко";"Россия";"74";"11";"546";"односторонний";"50";"";"";"";"";"33000000-0000-4000-8000-000000000002"
"MMG";"Металлург";"Магнитогорск";"ЦТР";"Руслан";"Исхаков";"Россия";"74";"2";"112";"односторонний";"40";"";"";"";"";"33000000-0000-4000-8000-000000000004"
"MMG";"Металлург";"Магнитогорск";"ПНП";"Сергей";"Толчинский";"Россия";"74";"8";"389";"односторонний";"80";"80";"";"";"";"33000000-0000-4000-8000-000000000020"
"MMG";"Металлург";"Магнитогорск";"ЗАЩ";"Артём";"Минулин";"Россия";"73";"7";"313";"односторонний";"41";"";"";"";"";"33000000-0000-4000-8000-000000000010"
"MMG";"Металлург";"Магнитогорск";"ВРТ";"Егор";"Заврагин";"Россия";"73";"3";"55";"односторонний";"13";"13";"";"";"";"goalie-player-egor-zavragin"
"MMG";"Металлург";"Магнитогорск";"ЛНП";"Никита";"Коротков";"Россия";"73";"7";"298";"односторонний";"25";"25";"";"";"";"33000000-0000-4000-8000-000000000008"
"MMG";"Металлург";"Магнитогорск";"ПНП";"Егор";"Коробкин";"Россия";"72";"8";"292";"односторонний";"25";"";"";"";"";"33000000-0000-4000-8000-000000000007"
"MMG";"Металлург";"Магнитогорск";"ЗАЩ";"Макар";"Хабаров";"Россия";"71";"9";"363";"односторонний";"31";"33";"";"";"";"33000000-0000-4000-8000-000000000022"
"MMG";"Металлург";"Магнитогорск";"ЦТР";"Андрей";"Козлов";"Россия";"70";"3";"104";"трехсторонний";"0,5";"0,5";"";"";"";"33000000-0000-4000-8000-000000000006"
"MMG";"Металлург";"Магнитогорск";"ПНП";"Михаил";"Федоров";"Россия";"70";"2";"42";"трехсторонний";"0,5";"";"";"";"";"33000000-0000-4000-8000-000000000021"
"MMG";"Металлург";"Магнитогорск";"ЗАЩ";"Егор";"Зеленов";"Россия";"68";"1";"44";"двухсторонний";"1";"";"";"";"";"ska-player-zelenov"
"MMG";"Металлург";"Магнитогорск";"ЗАЩ";"Александр";"Сиряцкий";"Россия";"67";"3";"30";"трехсторонний";"0,5";"";"";"";"";"33000000-0000-4000-8000-000000000018"
"MMG";"Металлург";"Магнитогорск";"ЗАЩ";"Данила";"Паливко";"Беларусь";"65";"4";"164";"односторонний";"10";"";"";"";"";"33000000-0000-4000-8000-000000000014"
"MMG";"Металлург";"Магнитогорск";"ЦТР";"Игорь";"Нечаев";"Россия";"64";"1";"16";"трехсторонний";"0,5";"";"";"";"";"33000000-0000-4000-8000-000000000012"
"LOK";"Локомотив";"Ярославль";"ВРТ";"Даниил";"Исаев";"Россия";"81";"8";"204";"односторонний";"55";"80";"80";"";"";"goalie-player-daniil-isaev"
"LOK";"Локомотив";"Ярославль";"ПНП";"Александр";"Радулов";"Россия";"80";"12";"635";"односторонний";"39";"60";"";"";"";"lok-player-radulov"
"LOK";"Локомотив";"Ярославль";"ЗАЩ";"Александр";"Елесин";"Россия";"79";"8";"409";"односторонний";"60";"60";"";"";"";"lok-player-yelesin"
"LOK";"Локомотив";"Ярославль";"ЗАЩ";"Мартин";"Гернат";"Словакия";"79";"3";"186";"односторонний";"50";"";"";"";"";"lok-player-gernat"
"LOK";"Локомотив";"Ярославль";"ПНП";"Артур";"Каюмов";"Россия";"78";"10";"469";"односторонний";"70";"70";"";"";"";"lok-player-kayumov"
"LOK";"Локомотив";"Ярославль";"ЗАЩ";"Андрей";"Сергеев";"Россия";"77";"17";"785";"односторонний";"60";"57";"60";"";"";"lok-player-andrei-sergeyev"
"LOK";"Локомотив";"Ярославль";"ЛНП";"Максим";"Березкин";"Россия";"77";"7";"306";"односторонний";"22";"";"";"";"";"lok-player-beryozkin"
"LOK";"Локомотив";"Ярославль";"ЦТР";"Максим";"Шалунов";"Россия";"77";"14";"644";"односторонний";"55";"80";"80";"";"";"lok-player-shalunov"
"LOK";"Локомотив";"Ярославль";"ЗАЩ";"Рушан";"Рафиков";"Россия";"77";"11";"589";"односторонний";"56";"56";"";"";"";"lok-player-rafikov"
"LOK";"Локомотив";"Ярославль";"ЛНП";"Александр";"Полунин";"Россия";"76";"11";"563";"односторонний";"40";"";"";"";"";"lok-player-polunin"
"LOK";"Локомотив";"Ярославль";"ЗАЩ";"Алексей";"Береглазов";"Россия";"76";"13";"643";"односторонний";"52";"65";"";"";"";"lok-player-bereglazov"
"LOK";"Локомотив";"Ярославль";"ЦТР";"Байрон";"Фрэз";"Канада";"76";"2";"127";"односторонний";"26";"";"";"";"";"lok-player-froese"
"LOK";"Локомотив";"Ярославль";"ЦТР";"Георгий";"Иванов";"Россия";"76";"9";"468";"односторонний";"35";"70";"73";"";"";"lok-player-georgi-ivanov"
"LOK";"Локомотив";"Ярославль";"ЛНП";"Джованни";"Фьоре";"Канада";"76";"3";"171";"односторонний";"15";"";"";"";"";"f6a7b8c9-d0e1-4f2a-8b3c-4d5e6f7a8b9e"
"LOK";"Локомотив";"Ярославль";"ЛНП";"Егор";"Сурин";"Россия";"76";"3";"101";"двухсторонний";"40";"60";"";"";"";"lok-player-surin"
"LOK";"Локомотив";"Ярославль";"ЛНП";"Никита";"Кирьянов";"Россия";"76";"3";"156";"двухсторонний";"3";"3";"";"";"";"lok-player-kiryanov"
"LOK";"Локомотив";"Ярославль";"ПНП";"Рихард";"Паник";"Словакия";"76";"2";"67";"односторонний";"45";"";"";"";"";"lok-player-panik"
"LOK";"Локомотив";"Ярославль";"ЗАЩ";"Степан";"Фальковский";"Беларусь";"76";"6";"260";"односторонний";"50";"";"";"";"";"35000000-0000-4000-8000-000000000023"
"LOK";"Локомотив";"Ярославль";"ЦТР";"Денис";"Алексеев";"Россия";"75";"10";"488";"односторонний";"55";"55";"";"";"";"lok-player-denis-alexeyev"
"LOK";"Локомотив";"Ярославль";"ЗАЩ";"Никита";"Черепанов";"Россия";"75";"11";"575";"односторонний";"32";"";"";"";"";"lok-player-cherepanov"
"LOK";"Локомотив";"Ярославль";"ЗАЩ";"Даниил";"Мисюль";"Россия";"74";"6";"244";"односторонний";"40";"";"";"";"";"lok-player-misyul"
"LOK";"Локомотив";"Ярославль";"ПНП";"Илья";"Николаев";"Россия";"73";"2";"39";"двухсторонний";"2";"2";"";"";"";"lok-player-ilya-nikolayev"
"LOK";"Локомотив";"Ярославль";"ВРТ";"Алексей";"Мельничук";"Россия";"72";"6";"92";"односторонний";"15";"15";"";"";"";"goalie-player-alexei-melnichuk"
"LOK";"Локомотив";"Ярославль";"ПНП";"Андрей";"Пустовой";"Россия";"71";"0";"0";"трехсторонний";"0,5";"0,5";"1";"";"";"lok-player-pustovoy"
"LOK";"Локомотив";"Ярославль";"ЗАЩ";"Марк";"Ульев";"Россия";"71";"3";"80";"трехсторонний";"1";"1";"";"";"";"lok-player-ulyev"
"LOK";"Локомотив";"Ярославль";"ПНП";"Вадим";"Дудоров";"Россия";"70";"1";"11";"трехсторонний";"0,5";"";"";"";"";"lok-player-dudorov"
"LOK";"Локомотив";"Ярославль";"ЦТР";"Артем";"Кузин";"Россия";"67";"1";"35";"трехсторонний";"0,9";"0,9";"";"";"";"lok-player-kuzin"
"LDA";"Лада";"Тольятти";"ЦТР";"Райли";"Савчук";"Канада";"76";"1";"68";"односторонний";"30";"";"";"";"";"lada-player-sawchuk"
"LDA";"Лада";"Тольятти";"ЦТР";"Тайлер";"Граовац";"Канада";"76";"4";"229";"односторонний";"20";"";"";"";"";"lada-player-graovac"
"LDA";"Лада";"Тольятти";"ЛНП";"Дмитрий";"Кугрышев";"Россия";"75";"15";"794";"односторонний";"25";"15";"";"";"";"lada-player-kugryshev"
"LDA";"Лада";"Тольятти";"ПНП";"Никита";"Михайлов";"Россия";"75";"7";"287";"односторонний";"25";"25";"";"";"";"lada-player-nikita-mikhailov"
"LDA";"Лада";"Тольятти";"ВРТ";"Никита";"Подскребалин";"Россия";"75";"3";"10";"двухсторонний";"10";"10";"10";"";"";"goalie-player-nikita-podskrebalin"
"LDA";"Лада";"Тольятти";"ЦТР";"Андрей";"Чивилев";"Россия";"74";"8";"304";"односторонний";"30";"30";"";"";"";"lada-player-chivilyov"
"LDA";"Лада";"Тольятти";"ПНП";"Иван";"Романов";"Россия";"74";"5";"182";"односторонний";"7";"7";"";"";"";"lada-player-ivan-romanov"
"LDA";"Лада";"Тольятти";"ПНП";"Никита";"Сетдиков";"Россия";"74";"11";"331";"односторонний";"10";"23";"";"";"";"lada-player-nikita-setdikov"
"LDA";"Лада";"Тольятти";"ПНП";"Андрей";"Алтыбармакян";"Россия";"73";"8";"322";"односторонний";"25";"35";"35";"";"";"lada-player-altybarmakyan"
"LDA";"Лада";"Тольятти";"ЦТР";"Андрей";"Обидин";"Россия";"73";"10";"433";"односторонний";"12";"";"";"";"";"lada-player-obidin"
"LDA";"Лада";"Тольятти";"ЗАЩ";"Колби";"Уильямс";"Канада";"73";"4";"214";"односторонний";"24";"";"";"";"";"lada-player-colby-williams"
"LDA";"Лада";"Тольятти";"ЛНП";"Павел";"Кудрявцев";"Россия";"73";"9";"341";"односторонний";"3";"";"";"";"";"39000000-0000-4000-8000-000000000011"
"LDA";"Лада";"Тольятти";"ЛНП";"Павел";"Гоголев";"Россия";"72";"3";"134";"двухсторонний";"10";"17";"";"";"";"lada-player-gogolev"
"LDA";"Лада";"Тольятти";"ЦТР";"Евгений";"Грошев";"Россия";"71";"3";"121";"двухсторонний";"11";"";"";"";"";"lada-player-evgeny-groshev"
"LDA";"Лада";"Тольятти";"ЦТР";"Иван";"Савчик";"Россия";"71";"3";"169";"односторонний";"5";"5";"";"";"";"lada-player-savchik"
"LDA";"Лада";"Тольятти";"ПНП";"Владислав";"Червоненко";"Россия";"70";"4";"95";"двухсторонний";"11";"";"";"";"";"lada-player-chervonenko"
"LDA";"Лада";"Тольятти";"ЦТР";"Иван";"Зинченко";"Россия";"70";"5";"144";"двухсторонний";"1";"";"";"";"";"39000000-0000-4000-8000-000000000006"
"LDA";"Лада";"Тольятти";"ПНП";"Никита";"Рожков";"Россия";"70";"5";"132";"двухсторонний";"4";"4";"";"";"";"lada-player-nikita-rozhkov"
"LDA";"Лада";"Тольятти";"ЗАЩ";"Даниил";"Бокун";"Беларусь";"69";"6";"212";"односторонний";"12";"";"";"";"";"lada-player-daniil-bokun"
"LDA";"Лада";"Тольятти";"ЗАЩ";"Егор";"Морозов";"Россия";"69";"2";"50";"двухсторонний";"0,5";"1";"1";"";"";"lada-player-yegor-morozov"
"LDA";"Лада";"Тольятти";"ЦТР";"Игорь";"Швырев";"Россия";"69";"8";"184";"односторонний";"18";"";"";"";"";"sochi-player-igor-shvyryov"
"LDA";"Лада";"Тольятти";"ЗАЩ";"Николай";"Макаров";"Россия";"68";"6";"91";"двухсторонний";"10";"15";"";"";"";"lada-player-nikolai-makarov"
"LDA";"Лада";"Тольятти";"ЛНП";"Данила";"Дяденькин";"Россия";"67";"2";"20";"двухсторонний";"1";"1";"1";"";"";"lada-player-dyadenkin"
"LDA";"Лада";"Тольятти";"ЗАЩ";"Максим";"Белоусов";"Россия";"66";"2";"54";"двухсторонний";"2";"2";"";"";"";"lada-player-maxim-belousov"
"LDA";"Лада";"Тольятти";"ВРТ";"Николай";"Мурашов";"Россия";"65";"0";"0";"двухсторонний";"0,5";"0,5";"0,5";"";"";"goalie-player-nikolai-murashov"
"LDA";"Лада";"Тольятти";"ЛНП";"Данил";"Бородин";"Россия";"62";"2";"16";"двухсторонний";"0,5";"0,5";"";"";"";"lada-player-danil-borodin"
"LDA";"Лада";"Тольятти";"ЗАЩ";"Александр";"Лукин";"Россия";"60";"3";"48";"двухсторонний";"0,5";"0,5";"";"";"";"lada-player-alexander-lukin"
"NFK";"Нефтехимик";"Нижнекамск";"ЛНП";"Андрей";"Белозеров";"Россия";"78";"4";"258";"односторонний";"35";"35";"";"";"";"neftekhimik-player-belozyorov"
"NFK";"Нефтехимик";"Нижнекамск";"ЦТР";"Евгений";"Митякин";"Россия";"76";"8";"356";"односторонний";"30";"35";"35";"";"";"neftekhimik-player-mityakin"
"NFK";"Нефтехимик";"Нижнекамск";"ЗАЩ";"Артём";"Сериков";"Россия";"75";"5";"264";"двухсторонний";"17";"22";"";"";"";"neftekhimik-player-serikov"
"NFK";"Нефтехимик";"Нижнекамск";"ЛНП";"Артур";"Тянулин";"Россия";"75";"5";"258";"односторонний";"15";"35";"";"";"";"lada-player-tyanulin"
"NFK";"Нефтехимик";"Нижнекамск";"ПНП";"Герман";"Точилкин";"Россия";"75";"4";"183";"двухсторонний";"5";"15";"";"";"";"neftekhimik-player-tochilkin"
"NFK";"Нефтехимик";"Нижнекамск";"ЦТР";"Никита";"Хоружев";"Россия";"75";"3";"134";"односторонний";"6";"9";"";"";"";"neftekhimik-player-khoruzhev"
"NFK";"Нефтехимик";"Нижнекамск";"ВРТ";"Филипп";"Долганов";"Россия";"75";"4";"145";"односторонний";"25";"30";"";"";"";"goalie-player-filipp-dolganov"
"NFK";"Нефтехимик";"Нижнекамск";"ПНП";"Александр";"Петунин";"Россия";"74";"9";"438";"односторонний";"40";"";"";"";"";"33000000-0000-4000-8000-000000000015"
"NFK";"Нефтехимик";"Нижнекамск";"ПНП";"Дамир";"Жафяров";"Россия";"74";"14";"661";"односторонний";"20";"30";"";"";"";"neftekhimik-player-zhafyarov"
"NFK";"Нефтехимик";"Нижнекамск";"ЗАЩ";"Максим";"Федотов";"Россия";"74";"6";"240";"односторонний";"18";"";"";"";"";"neftekhimik-player-maxim-fedotov"
"NFK";"Нефтехимик";"Нижнекамск";"ЛНП";"Матвей";"Заседа";"Россия";"74";"9";"189";"односторонний";"8";"15";"";"";"";"neftekhimik-player-zaseda"
"NFK";"Нефтехимик";"Нижнекамск";"ЗАЩ";"Владислав";"Еременко";"Беларусь";"73";"7";"282";"односторонний";"20";"";"";"";"";"37000000-0000-4000-8000-000000000006"
"NFK";"Нефтехимик";"Нижнекамск";"ЦТР";"Иван";"Николишин";"Россия";"73";"8";"369";"односторонний";"15";"20";"";"";"";"neftekhimik-player-nikolishin"
"NFK";"Нефтехимик";"Нижнекамск";"ЗАЩ";"Илья";"Пастухов";"Россия";"73";"6";"216";"двухсторонний";"12";"15";"";"";"";"neftekhimik-player-pastukhov"
"NFK";"Нефтехимик";"Нижнекамск";"ЗАЩ";"Динар";"Хафизуллин";"Россия";"72";"17";"736";"односторонний";"32";"";"";"";"";"neftekhimik-player-khafizullin"
"NFK";"Нефтехимик";"Нижнекамск";"ПНП";"Матвей";"Надворный";"Россия";"72";"1";"57";"двухсторонний";"3";"5";"";"";"";"neftekhimik-player-nadvorny"
"NFK";"Нефтехимик";"Нижнекамск";"ЗАЩ";"Никита";"Хлыстов";"Россия";"71";"13";"502";"односторонний";"7";"10";"";"";"";"neftekhimik-player-khlystov"
"NFK";"Нефтехимик";"Нижнекамск";"ЗАЩ";"Семен";"Ручкин";"Россия";"71";"8";"294";"односторонний";"25";"";"";"";"";"admiral-player-ruchkin"
"NFK";"Нефтехимик";"Нижнекамск";"ЗАЩ";"Тимур";"Хайруллин";"Россия";"71";"3";"97";"двухсторонний";"1";"1";"";"";"";"neftekhimik-player-timur-khairullin"
"NFK";"Нефтехимик";"Нижнекамск";"ПНП";"Григорий";"Селезнев";"Россия";"70";"3";"142";"односторонний";"5";"10";"";"";"";"neftekhimik-player-seleznyov"
"NFK";"Нефтехимик";"Нижнекамск";"ЦТР";"Данила";"Квартальнов";"Россия";"70";"8";"233";"двухсторонний";"5";"";"";"";"";"neftekhimik-player-kvartalnov"
"NFK";"Нефтехимик";"Нижнекамск";"ПНП";"Никита";"Попугаев";"Россия";"70";"1";"24";"двухсторонний";"4";"7";"";"";"";"neftekhimik-player-popugayev"
"NFK";"Нефтехимик";"Нижнекамск";"ВРТ";"Ярослав";"Озолин";"Россия";"70";"3";"45";"двухсторонний";"8";"10";"";"";"";"goalie-player-yaroslav-ozolin"
"NFK";"Нефтехимик";"Нижнекамск";"ЗАЩ";"Тимур";"Кол";"Россия";"69";"3";"18";"трехсторонний";"0,5";"";"";"";"";"39000000-0000-4000-8000-000000000009"
"NFK";"Нефтехимик";"Нижнекамск";"ЗАЩ";"Егор";"Юзленко";"Беларусь";"66";"3";"27";"двухсторонний";"0,5";"0,5";"";"";"";"neftekhimik-player-yuzlenko"
"NFK";"Нефтехимик";"Нижнекамск";"ПНП";"Арсен";"Хисамутдинов";"Россия";"62";"5";"50";"двухсторонний";"0,5";"";"";"";"";"neftekhimik-player-khisamutdinov"
"NFK";"Нефтехимик";"Нижнекамск";"ЦТР";"Сергей";"Артемьев";"Россия";"62";"1";"41";"двухсторонний";"1";"";"";"";"";"39000000-0000-4000-8000-000000000002"
"TOR";"Торпедо";"Нижний Новгород";"ЗАЩ";"Богдан";"Конюшков";"Россия";"80";"4";"261";"односторонний";"30";"40";"";"";"";"5b000000-0000-4000-8000-000000000010"
"TOR";"Торпедо";"Нижний Новгород";"ЛНП";"Егор";"Виноградов";"Россия";"78";"5";"198";"односторонний";"10";"15";"";"";"";"5b000000-0000-4000-8000-000000000005"
"TOR";"Торпедо";"Нижний Новгород";"ЗАЩ";"Роберт";"Нарделла";"США";"78";"1";"65";"односторонний";"35";"40";"";"";"";"5b000000-0000-4000-8000-000000000014"
"TOR";"Торпедо";"Нижний Новгород";"ЦТР";"Владимир";"Ткачев";"Россия";"77";"14";"712";"односторонний";"34";"55";"";"";"";"5b000000-0000-4000-8000-000000000021"
"TOR";"Торпедо";"Нижний Новгород";"ПНП";"Владислав";"Фирстов";"Россия";"77";"4";"229";"односторонний";"30";"";"";"";"";"5b000000-0000-4000-8000-000000000022"
"TOR";"Торпедо";"Нижний Новгород";"ВРТ";"Денис";"Костин";"Россия";"77";"11";"199";"односторонний";"30";"45";"50";"";"";"goalie-player-denis-kostin"
"TOR";"Торпедо";"Нижний Новгород";"ЦТР";"Алексей";"Кручинин";"Россия";"76";"15";"575";"односторонний";"25";"25";"";"";"";"5b000000-0000-4000-8000-000000000011"
"TOR";"Торпедо";"Нижний Новгород";"ЗАЩ";"Даниил";"Журавлев";"Россия";"76";"7";"316";"односторонний";"20";"25";"";"";"";"5b000000-0000-4000-8000-000000000009"
"TOR";"Торпедо";"Нижний Новгород";"ЛНП";"Даниил";"Сероух";"Россия";"76";"4";"158";"односторонний";"15";"";"";"";"";"sochi-player-seroukh"
"TOR";"Торпедо";"Нижний Новгород";"ЛНП";"Егор";"Соколов";"Россия";"76";"1";"65";"односторонний";"30";"";"";"";"";"5b000000-0000-4000-8000-000000000020"
"TOR";"Торпедо";"Нижний Новгород";"ЛНП";"Майкл";"Веккьоне";"США";"76";"1";"65";"односторонний";"38";"";"";"";"";"barys-player-vecchione"
"TOR";"Торпедо";"Нижний Новгород";"ЦТР";"Михаил";"Воробьев";"Россия";"76";"8";"363";"односторонний";"55";"";"";"";"";"ska-player-mikhail-vorobyov"
"TOR";"Торпедо";"Нижний Новгород";"ЗАЩ";"Никита";"Камалов";"Россия";"76";"13";"448";"односторонний";"31";"";"";"";"";"severstal-player-kamalov"
"TOR";"Торпедо";"Нижний Новгород";"ЛНП";"Сергей";"Гончарук";"Россия";"76";"7";"359";"односторонний";"30";"";"";"";"";"5b000000-0000-4000-8000-000000000008"
"TOR";"Торпедо";"Нижний Новгород";"ПНП";"Матвей";"Поляков";"Россия";"75";"2";"64";"двухсторонний";"3";"";"";"";"";"ska-player-polyakov"
"TOR";"Торпедо";"Нижний Новгород";"ЦТР";"Павел";"Красковский";"Россия";"75";"13";"587";"односторонний";"55";"";"";"";"";"lok-player-kraskovsky"
"TOR";"Торпедо";"Нижний Новгород";"ПНП";"Шэйн";"Принс";"Беларусь";"75";"8";"351";"односторонний";"17";"";"";"";"";"5b000000-0000-4000-8000-000000000016"
"TOR";"Торпедо";"Нижний Новгород";"ПНП";"Амир";"Гараев";"Россия";"74";"6";"291";"двухсторонний";"4";"";"";"";"";"5b000000-0000-4000-8000-000000000006"
"TOR";"Торпедо";"Нижний Новгород";"ЦТР";"Андрей";"Белевич";"Беларусь";"74";"7";"379";"односторонний";"19";"";"";"";"";"5b000000-0000-4000-8000-000000000003"
"TOR";"Торпедо";"Нижний Новгород";"ЗАЩ";"Антон";"Сизов";"Россия";"74";"10";"359";"односторонний";"27";"27";"";"";"";"5b000000-0000-4000-8000-000000000018"
"TOR";"Торпедо";"Нижний Новгород";"ЛНП";"Игорь";"Гераськин";"Россия";"74";"9";"505";"односторонний";"17";"33";"";"";"";"5b000000-0000-4000-8000-000000000007"
"TOR";"Торпедо";"Нижний Новгород";"ЦТР";"Александр";"Яремчук";"Россия";"73";"10";"311";"односторонний";"26";"35";"";"";"";"5b000000-0000-4000-8000-000000000025"
"TOR";"Торпедо";"Нижний Новгород";"ЛНП";"Никита";"Шавин";"Россия";"73";"4";"148";"двухсторонний";"8";"10";"";"";"";"5b000000-0000-4000-8000-000000000023"
"TOR";"Торпедо";"Нижний Новгород";"ЛНП";"Тимур";"Муханов";"Россия";"73";"4";"162";"трехсторонний";"3";"";"";"";"";"5b000000-0000-4000-8000-000000000013"
"TOR";"Торпедо";"Нижний Новгород";"ЗАЩ";"Рональд";"Брики";"США";"72";"0";"0";"односторонний";"20";"20";"";"";"";"added-player-brickey"
"TOR";"Торпедо";"Нижний Новгород";"ЦТР";"Виктор";"Федоров";"Россия";"70";"1";"13";"трехсторонний";"0,5";"0,5";"1";"";"";"5b000000-0000-4000-8000-000000000026"
"TOR";"Торпедо";"Нижний Новгород";"ПНП";"Глеб";"Пугачев";"Россия";"70";"1";"13";"трехсторонний";"0,5";"0,5";"1";"";"";"5b000000-0000-4000-8000-000000000027"
"TOR";"Торпедо";"Нижний Новгород";"ЦТР";"Кирилл";"Свищев";"Россия";"69";"3";"49";"трехсторонний";"1";"";"";"";"";"5b000000-0000-4000-8000-000000000017"
"TOR";"Торпедо";"Нижний Новгород";"ВРТ";"Дмитрий";"Дагестанский";"Россия";"68";"1";"2";"двухсторонний";"0,5";"0,5";"";"";"";"goalie-player-dmitry-dagestansky"
"TOR";"Торпедо";"Нижний Новгород";"ВРТ";"Дмитрий";"Шугаев";"Россия";"67";"8";"140";"двухсторонний";"5";"5";"";"";"";"goalie-player-dmitry-shugaev"
